"state","county","pop","NA","NA","NA","NA"
1,1,1,1,56309,56309,0
1,3,1,3,180725,180725,0
1,5,1,5,27453,27453,0
1,7,1,7,21945,21945,0
1,9,1,9,58236,58236,0
1,11,1,11,9683,9683,0
1,13,1,13,23080,23080,0
1,15,1,15,128353,128353,0
1,17,1,17,39392,39392,0
1,19,1,19,25699,25699,0
1,21,1,21,44913,44913,0
1,23,1,23,15227,15227,0
1,25,1,25,30256,30256,0
1,27,1,27,16467,16467,0
1,29,1,29,14929,14929,0
1,31,1,31,48318,48318,0
1,33,1,33,61355,61355,0
1,35,1,35,14566,14566,0
1,37,1,37,11683,11683,0
1,39,1,39,39082,39082,0
1,41,1,41,15079,15079,0
1,43,1,43,87010,87010,0
1,45,1,45,49463,49463,0
1,47,1,47,48154,48154,0
1,49,1,49,72791,72791,0
1,51,1,51,82138,82138,0
1,53,1,53,38356,38356,0
1,55,1,55,112077,112077,0
1,57,1,57,18529,18529,0
1,59,1,59,33329,33329,0
1,61,1,61,26505,26505,0
1,63,1,63,9911,9911,0
1,65,1,65,19047,19047,0
1,67,1,67,18461,18461,0
1,69,1,69,106940,106940,0
1,71,1,71,58205,58205,0
1,73,1,73,724515,724515,0
1,75,1,75,16319,16319,0
1,77,1,77,97278,97278,0
1,79,1,79,38098,38098,0
1,81,1,81,124085,124085,0
1,83,1,83,80983,80983,0
1,85,1,85,14681,14681,0
1,87,1,87,22414,22414,0
1,89,1,89,359415,359415,0
1,91,1,91,23953,23953,0
1,93,1,93,30460,30460,0
1,95,1,95,96406,96406,0
1,97,1,97,440968,440968,0
1,99,1,99,25151,25151,0
1,101,1,101,247977,247977,0
1,103,1,103,130972,130972,0
1,105,1,105,11732,11732,0
1,107,1,107,22558,22558,0
1,109,1,109,28714,28714,0
1,111,1,111,23576,23576,0
1,113,1,113,52154,52154,0
1,115,1,115,82143,82143,0
1,117,1,117,198940,198940,0
1,119,1,119,14269,14269,0
1,121,1,121,85735,85735,0
1,123,1,123,44774,44774,0
1,125,1,125,185417,185417,0
1,127,1,127,69970,69970,0
1,129,1,129,18520,18520,0
1,131,1,131,13904,13904,0
1,133,1,133,25318,25318,0
2,13,2,13,1713,1713,0
2,16,2,16,4277,4277,0
2,20,2,20,303939,303939,0
2,50,2,50,17016,17016,0
2,60,2,60,-2,-2,0
2,68,2,68,2260,2260,0
2,70,2,70,4785,4785,0
2,90,2,90,100257,100257,0
2,100,2,100,2648,2648,0
2,105,2,105,2138,2138,0
2,110,2,110,33469,33469,0
2,122,2,122,57686,57686,0
2,130,2,130,14787,14787,0
2,150,2,150,14967,14967,0
2,164,2,164,1512,1512,0
2,170,2,170,83856,83856,0
2,180,2,180,8847,8847,0
2,185,2,185,6610,6610,0
2,188,2,188,6682,6682,0
2,201,2,201,4888,4888,0
2,220,2,220,9431,9431,0
2,230,2,230,1175,1175,0
2,240,2,240,7657,7657,0
2,261,2,261,10620,10620,0
2,270,2,270,7237,7237,0
2,280,2,280,6474,6474,0
2,282,2,282,531,531,0
2,290,2,290,5719,5719,0
4,1,4,1,63974,63974,0
4,3,4,3,127679,127679,0
4,5,4,5,128344,128344,0
4,7,4,7,53486,53486,0
4,9,4,9,28824,28824,0
4,11,4,11,8060,8060,0
4,12,4,12,15254,15254,0
4,13,4,13,3959276,3959276,0
4,15,4,15,190734,190734,0
4,17,4,17,100098,100098,0
4,19,4,19,999670,999670,0
4,21,4,21,242023,242023,0
4,23,4,23,51967,51967,0
4,25,4,25,217390,217390,0
4,27,4,27,207742,207742,0
5,1,5,1,20929,20929,0
5,3,5,3,23999,23999,0
5,5,5,5,44160,44160,0
5,7,5,7,220794,220794,0
5,9,5,9,38710,38710,0
5,11,5,11,11628,11628,0
5,13,5,13,5428,5428,0
5,15,5,15,27330,27330,0
5,17,5,17,11687,11687,0
5,19,5,19,21558,21558,0
5,21,5,21,17227,17227,0
5,23,5,23,26003,26003,0
5,25,5,25,9503,9503,0
5,27,5,27,24442,24442,0
5,29,5,29,21831,21831,0
5,31,5,31,92260,92260,0
5,33,5,33,62478,62478,0
5,35,5,35,54511,54511,0
5,37,5,37,19354,19354,0
5,39,5,39,8408,8408,0
5,41,5,41,13987,13987,0
5,43,5,43,18407,18407,0
5,45,5,45,105930,105930,0
5,47,5,47,18148,18148,0
5,49,5,49,11298,11298,0
5,51,5,51,100162,100162,0
5,53,5,53,19273,19273,0
5,55,5,55,42524,42524,0
5,57,5,57,22741,22741,0
5,59,5,59,32555,32555,0
5,61,5,61,14745,14745,0
5,63,5,63,37829,37829,0
5,65,5,65,12610,12610,0
5,67,5,67,16308,16308,0
5,69,5,69,80860,80860,0
5,71,5,71,25234,25234,0
5,73,5,73,7495,7495,0
5,75,5,75,17244,17244,0
5,77,5,77,8563,8563,0
5,79,5,79,11419,11419,0
5,81,5,81,13587,13587,0
5,83,5,83,23726,23726,0
5,85,5,85,68713,68713,0
5,87,5,87,16012,16012,0
5,89,5,89,16528,16528,0
5,91,5,91,41891,41891,0
5,93,5,93,49466,49466,0
5,95,5,95,8791,8791,0
5,97,5,97,8693,8693,0
5,99,5,99,9440,9440,0
5,101,5,101,8394,8394,0
5,103,5,103,27331,27331,0
5,105,5,105,10457,10457,0
5,107,5,107,22158,22158,0
5,109,5,109,11376,11376,0
5,111,5,111,25004,25004,0
5,113,5,113,19962,19962,0
5,115,5,115,60133,60133,0
5,117,5,117,8656,8656,0
5,119,5,119,409699,409699,0
5,121,5,121,18417,18417,0
5,123,5,123,24837,24837,0
5,125,5,125,107032,107032,0
5,127,5,127,11529,11529,0
5,129,5,129,7530,7530,0
5,131,5,131,129588,129588,0
5,133,5,133,15938,15938,0
5,135,5,135,17624,17624,0
5,137,5,137,11880,11880,0
5,139,5,139,47388,47388,0
5,141,5,141,16264,16264,0
5,143,5,143,192335,192335,0
5,145,5,145,74532,74532,0
5,147,5,147,7702,7702,0
5,149,5,149,21264,21264,0
6,1,6,1,1592306,1592306,0
6,3,6,3,1017,1017,0
6,5,6,5,38601,38601,0
6,7,6,7,211024,211024,0
6,9,6,9,46911,46911,0
6,11,6,11,25859,25859,0
6,13,6,13,1121291,1121291,0
6,15,6,15,23593,23593,0
6,17,6,17,192856,192856,0
6,19,6,19,922508,922508,0
6,21,6,21,30126,30126,0
6,23,6,23,127664,127664,0
6,25,6,25,200094,200094,0
6,27,6,27,19965,19965,0
6,29,6,29,800231,800231,0
6,31,6,31,134021,134021,0
6,33,6,33,59215,59215,0
6,35,6,35,25792,25792,0
6,37,6,37,10304247,10304247,0
6,39,6,39,135770,135770,0
6,41,6,41,244567,244567,0
6,43,6,43,18213,18213,0
6,45,6,45,90142,90142,0
6,47,6,47,251937,251937,0
6,49,6,49,8651,8651,0
6,51,6,51,12422,12422,0
6,53,6,53,442317,442317,0
6,55,6,55,147510,147510,0
6,57,6,57,105393,105393,0
6,59,6,59,3272772,3272772,0
6,61,6,61,361865,361865,0
6,63,6,63,21982,21982,0
6,65,6,65,2135566,2135566,0
6,67,6,67,1503934,1503934,0
6,69,6,69,61188,61188,0
6,71,6,71,2090451,2090451,0
6,73,6,73,3324495,3324495,0
6,75,6,75,828893,828893,0
6,77,6,77,708720,708720,0
6,79,6,79,267255,267255,0
6,81,6,81,780146,780146,0
6,83,6,83,423054,423054,0
6,85,6,85,1969857,1969857,0
6,87,6,87,274699,274699,0
6,89,6,89,182378,182378,0
6,91,6,91,3222,3222,0
6,93,6,93,45488,45488,0
6,95,6,95,450094,450094,0
6,97,6,97,522866,522866,0
6,99,6,99,544280,544280,0
6,101,6,101,97245,97245,0
6,103,6,103,61323,61323,0
6,105,6,105,11230,11230,0
6,107,6,107,429209,429209,0
6,109,6,109,57710,57710,0
6,111,6,111,915570,915570,0
6,113,6,113,190572,190572,0
6,115,6,115,66673,66673,0
8,1,8,1,449841,449841,0
8,3,8,3,14768,14768,0
8,5,8,5,586653,586653,0
8,7,8,7,11905,11905,0
8,9,8,9,4100,4100,0
8,11,8,11,4364,4364,0
8,13,8,13,298718,298718,0
8,14,8,14,96356,96356,0
8,15,8,15,17384,17384,0
8,17,8,17,2083,2083,0
8,19,8,19,9284,9284,0
8,21,8,21,8211,8211,0
8,23,8,23,3032,3032,0
8,25,8,25,2952,2952,0
8,27,8,27,3952,3952,0
8,29,8,29,31599,31599,0
8,31,8,31,566179,566179,0
8,33,8,33,2076,2076,0
8,35,8,35,291288,291288,0
8,37,8,37,48252,48252,0
8,39,8,39,22377,22377,0
8,41,8,41,644254,644254,0
8,43,8,43,42132,42132,0
8,45,8,45,52129,52129,0
8,47,8,47,5031,5031,0
8,49,8,49,13680,13680,0
8,51,8,51,13795,13795,0
8,53,8,53,768,768,0
8,55,8,55,6537,6537,0
8,57,8,57,1463,1463,0
8,59,8,59,547004,547004,0
8,61,8,61,1552,1552,0
8,63,8,63,8318,8318,0
8,65,8,65,6776,6776,0
8,67,8,67,48526,48526,0
8,69,8,69,308090,308090,0
8,71,8,71,15753,15753,0
8,73,8,73,4949,4949,0
8,75,8,75,20782,20782,0
8,77,8,77,151542,151542,0
8,79,8,79,866,866,0
8,81,8,81,14685,14685,0
8,83,8,83,25225,25225,0
8,85,8,85,42680,42680,0
8,87,8,87,30125,30125,0
8,89,8,89,19984,19984,0
8,91,8,91,4283,4283,0
8,93,8,93,14880,14880,0
8,95,8,95,4732,4732,0
8,97,8,97,14265,14265,0
8,99,8,99,13140,13140,0
8,101,8,101,166041,166041,0
8,103,8,103,6382,6382,0
8,105,8,105,15136,15136,0
8,107,8,107,22036,22036,0
8,109,8,109,3480,3480,0
8,111,8,111,589,589,0
8,113,8,113,6362,6362,0
8,115,8,115,2519,2519,0
8,117,8,117,27546,27546,0
8,119,8,119,24578,24578,0
8,121,8,121,4805,4805,0
8,123,8,123,251890,251890,0
8,125,8,125,10287,10287,0
9,1,9,1,980727,980727,0
9,3,9,3,1052501,1052501,0
9,5,9,5,228187,228187,0
9,7,9,7,194573,194573,0
9,9,9,9,978191,978191,0
9,11,9,11,319442,319442,0
9,13,9,13,163718,163718,0
9,15,9,15,135141,135141,0
10,1,10,1,174955,174955,0
10,3,10,3,616351,616351,0
10,5,10,5,208747,208747,0
11,1,11,1,558463,558463,0
12,1,12,1,225344,225344,0
12,3,12,3,26269,26269,0
12,5,12,5,179975,179975,0
12,7,12,7,24630,24630,0
12,9,12,9,612389,612389,0
12,11,12,11,1870496,1870496,0
12,13,12,13,11801,11801,0
12,15,12,15,164883,164883,0
12,17,12,17,149720,149720,0
12,19,12,19,209461,209461,0
12,21,12,21,332656,332656,0
12,23,12,23,63332,63332,0
12,27,12,27,28029,28029,0
12,29,12,29,12785,12785,0
12,31,12,31,954981,954981,0
12,33,12,33,315249,315249,0
12,35,12,35,98065,98065,0
12,37,12,37,9713,9713,0
12,39,12,39,49782,49782,0
12,41,12,41,14579,14579,0
12,43,12,43,8994,8994,0
12,45,12,45,12907,12907,0
12,47,12,47,11867,11867,0
12,49,12,49,24212,24212,0
12,51,12,51,35955,35955,0
12,53,12,53,178665,178665,0
12,55,12,55,97003,97003,0
12,57,12,57,1275341,1275341,0
12,59,12,59,17968,17968,0
12,61,12,61,146795,146795,0
12,63,12,63,46877,46877,0
12,65,12,65,13909,13909,0
12,67,12,67,5522,5522,0
12,69,12,69,316404,316404,0
12,71,12,71,629049,629049,0
12,73,12,73,254824,254824,0
12,75,12,75,39314,39314,0
12,77,12,77,6401,6401,0
12,79,12,79,18201,18201,0
12,81,12,81,332670,332670,0
12,83,12,83,346741,346741,0
12,85,12,85,147465,147465,0
12,86,12,86,2610409,2610409,0
12,87,12,87,77124,77124,0
12,89,12,89,79081,79081,0
12,91,12,91,205836,205836,0
12,93,12,93,36554,36554,0
12,95,12,95,1176673,1176673,0
12,97,12,97,271396,271396,0
12,99,12,99,1359892,1359892,0
12,101,12,101,469694,469694,0
12,103,12,103,992898,992898,0
12,105,12,105,622844,622844,0
12,107,12,107,74072,74072,0
12,109,12,109,187607,187607,0
12,111,12,111,286672,286672,0
12,113,12,113,152457,152457,0
12,115,12,115,401981,401981,0
12,117,12,117,444846,444846,0
12,119,12,119,79835,79835,0
12,121,12,121,39421,39421,0
12,123,12,123,20791,20791,0
12,125,12,125,10876,10876,0
12,127,12,127,532446,532446,0
12,129,12,129,28121,28121,0
12,131,12,131,48025,48025,0
12,133,12,133,22133,22133,0
13,1,13,1,18206,18206,0
13,3,13,3,8295,8295,0
13,5,13,5,10423,10423,0
13,7,13,7,3309,3309,0
13,9,13,9,42880,42880,0
13,11,13,11,17625,17625,0
13,13,13,13,67749,67749,0
13,15,13,15,105023,105023,0
13,17,13,17,18344,18344,0
13,19,13,19,17276,17276,0
13,21,13,21,162599,162599,0
13,23,13,23,12550,12550,0
13,25,13,25,16349,16349,0
13,27,13,27,16174,16174,0
13,29,13,29,31970,31970,0
13,31,13,31,54090,54090,0
13,33,13,33,25269,25269,0
13,35,13,35,23051,23051,0
13,37,13,37,5657,5657,0
13,39,13,39,50532,50532,0
13,43,13,43,9885,9885,0
13,45,13,45,111074,111074,0
13,47,13,47,64786,64786,0
13,49,13,49,9495,9495,0
13,51,13,51,254946,254946,0
13,53,13,53,7994,7994,0
13,55,13,55,26513,26513,0
13,57,13,57,216581,216581,0
13,59,13,59,92286,92286,0
13,61,13,61,3266,3266,0
13,63,13,63,270443,270443,0
13,65,13,65,6766,6766,0
13,67,13,67,732559,732559,0
13,69,13,69,39583,39583,0
13,71,13,71,43239,43239,0
13,73,13,73,125443,125443,0
13,75,13,75,16389,16389,0
13,77,13,77,128060,128060,0
13,79,13,79,13003,13003,0
13,81,13,81,22124,22124,0
13,83,13,83,16033,16033,0
13,85,13,85,21134,21134,0
13,87,13,87,28784,28784,0
13,89,13,89,677078,677078,0
13,91,13,91,19151,19151,0
13,93,13,93,10745,10745,0
13,95,13,95,95756,95756,0
13,97,13,97,129138,129138,0
13,99,13,99,12344,12344,0
13,101,13,101,2973,2973,0
13,103,13,103,53737,53737,0
13,105,13,105,22797,22797,0
13,107,13,107,23426,23426,0
13,109,13,109,11152,11152,0
13,111,13,111,23175,23175,0
13,113,13,113,117420,117420,0
13,115,13,115,99012,99012,0
13,117,13,117,161379,161379,0
13,119,13,119,24046,24046,0
13,121,13,121,828528,828528,0
13,123,13,123,27890,27890,0
13,125,13,125,2875,2875,0
13,127,13,127,79049,79049,0
13,129,13,129,60514,60514,0
13,131,13,131,24569,24569,0
13,133,13,133,16433,16433,0
13,135,13,135,825580,825580,0
13,137,13,137,43197,43197,0
13,139,13,139,190521,190521,0
13,141,13,141,9075,9075,0
13,143,13,143,28980,28980,0
13,145,13,145,32325,32325,0
13,147,13,147,25984,25984,0
13,149,13,149,10715,10715,0
13,151,13,151,205929,205929,0
13,153,13,153,149392,149392,0
13,155,13,155,9354,9354,0
13,157,13,157,61224,61224,0
13,159,13,159,14470,14470,0
13,161,13,161,14110,14110,0
13,163,13,163,19639,19639,0
13,165,13,165,8391,8391,0
13,167,13,167,8477,8477,0
13,169,13,169,30192,30192,0
13,171,13,171,17123,17123,0
13,173,13,173,7397,7397,0
13,175,13,175,53392,53392,0
13,177,13,177,30587,30587,0
13,179,13,179,61141,61141,0
13,181,13,181,8620,8620,0
13,183,13,183,8729,8729,0
13,185,13,185,98462,98462,0
13,187,13,187,25615,25615,0
13,189,13,189,24269,24269,0
13,191,13,191,11486,11486,0
13,193,13,193,12982,12982,0
13,195,13,195,29015,29015,0
13,197,13,197,7147,7147,0
13,199,13,199,23725,23725,0
13,201,13,201,5820,5820,0
13,205,13,205,22901,22901,0
13,207,13,207,26237,26237,0
13,209,13,209,8271,8271,0
13,211,13,211,19392,19392,0
13,213,13,213,42242,42242,0
13,215,13,215,198277,198277,0
13,217,13,217,99634,99634,0
13,219,13,219,33812,33812,0
13,221,13,221,14261,14261,0
13,223,13,223,138116,138116,0
13,225,13,225,26261,26261,0
13,227,13,227,31371,31371,0
13,229,13,229,18364,18364,0
13,231,13,231,18352,18352,0
13,233,13,233,42934,42934,0
13,235,13,235,9639,9639,0
13,237,13,237,21888,21888,0
13,239,13,239,2344,2344,0
13,241,13,241,16950,16950,0
13,243,13,243,7772,7772,0
13,245,13,245,203073,203073,0
13,247,13,247,83505,83505,0
13,249,13,249,4757,4757,0
13,251,13,251,15147,15147,0
13,253,13,253,9152,9152,0
13,255,13,255,66206,66206,0
13,257,13,257,28323,28323,0
13,259,13,259,4780,4780,0
13,261,13,261,31806,31806,0
13,263,13,263,7286,7286,0
13,265,13,265,1728,1728,0
13,267,13,267,19408,19408,0
13,269,13,269,9077,9077,0
13,271,13,271,11032,11032,0
13,273,13,273,10740,10740,0
13,275,13,275,47198,47198,0
13,277,13,277,41424,41424,0
13,279,13,279,27451,27451,0
13,281,13,281,10599,10599,0
13,283,13,283,5290,5290,0
13,285,13,285,69505,69505,0
13,287,13,287,9834,9834,0
13,289,13,289,10194,10194,0
13,291,13,291,21454,21454,0
13,293,13,293,29685,29685,0
13,295,13,295,68723,68723,0
13,297,13,297,84533,84533,0
13,299,13,299,35151,35151,0
13,301,13,301,6555,6555,0
13,303,13,303,22293,22293,0
13,305,13,305,28224,28224,0
13,307,13,307,2501,2501,0
13,309,13,309,4815,4815,0
13,311,13,311,25115,25115,0
13,313,13,313,118352,118352,0
13,315,13,315,7345,7345,0
13,317,13,317,10996,10996,0
13,319,13,319,11253,11253,0
13,321,13,321,23139,23139,0
15,1,15,1,186292,186292,0
15,3,15,3,1065843,1065843,0
15,5,15,5,-2,-2,0
15,7,15,7,73362,73362,0
15,9,15,9,163257,163257,0
16,1,16,1,412355,412355,0
16,3,16,3,4143,4143,0
16,5,16,5,84443,84443,0
16,7,16,7,6850,6850,0
16,9,16,9,10100,10100,0
16,11,16,11,49247,49247,0
16,13,16,13,24531,24531,0
16,15,16,15,7186,7186,0
16,17,16,17,42334,42334,0
16,19,16,19,109897,109897,0
16,21,16,21,11550,11550,0
16,23,16,23,3109,3109,0
16,25,16,25,1048,1048,0
16,27,16,27,190018,190018,0
16,29,16,29,7904,7904,0
16,31,16,31,23258,23258,0
16,33,16,33,1035,1035,0
16,35,16,35,8822,8822,0
16,37,16,37,4398,4398,0
16,39,16,39,28507,28507,0
16,41,16,41,14169,14169,0
16,43,16,43,14022,14022,0
16,45,16,45,18053,18053,0
16,47,16,47,15921,15921,0
16,49,16,49,14849,14849,0
16,51,16,51,26262,26262,0
16,53,16,53,22167,22167,0
16,55,16,55,147901,147901,0
16,57,16,57,33825,33825,0
16,59,16,59,8158,8158,0
16,61,16,61,4854,4854,0
16,63,16,63,5215,5215,0
16,65,16,65,27143,27143,0
16,67,16,67,22213,22213,0
16,69,16,69,42768,42768,0
16,71,16,71,4598,4598,0
16,73,16,73,11518,11518,0
16,75,16,75,24190,24190,0
16,77,16,77,8526,8526,0
16,79,16,79,13092,13092,0
16,81,16,81,9047,9047,0
16,83,16,83,80665,80665,0
16,85,16,85,10377,10377,0
16,87,16,87,10355,10355,0
17,1,17,1,82275,82275,0
17,3,17,3,8081,8081,0
17,5,17,5,19019,19019,0
17,7,17,7,66827,66827,0
17,9,17,9,5998,5998,0
17,11,17,11,43906,43906,0
17,13,17,13,6219,6219,0
17,15,17,15,20215,20215,0
17,17,17,17,15876,15876,0
17,19,17,19,195106,195106,0
17,21,17,21,41699,41699,0
17,23,17,23,20194,20194,0
17,25,17,25,17352,17352,0
17,27,17,27,44858,44858,0
17,29,17,29,52565,52565,0
17,31,17,31,5953531,5953531,0
17,33,17,33,23008,23008,0
17,35,17,35,13304,13304,0
17,37,17,37,108462,108462,0
17,39,17,39,19826,19826,0
17,41,17,41,25698,25698,0
17,43,17,43,1102707,1102707,0
17,45,17,45,22284,22284,0
17,47,17,47,8231,8231,0
17,49,17,49,43797,43797,0
17,51,17,51,24684,24684,0
17,53,17,53,17053,17053,0
17,55,17,55,44478,44478,0
17,57,17,57,43016,43016,0
17,59,17,59,6629,6629,0
17,61,17,61,16272,16272,0
17,63,17,63,61249,61249,0
17,65,17,65,9743,9743,0
17,67,17,67,23733,23733,0
17,69,17,69,4521,4521,0
17,71,17,71,8994,8994,0
17,73,17,73,62910,62910,0
17,75,17,75,37500,37500,0
17,77,17,77,52964,52964,0
17,79,17,79,12618,12618,0
17,81,17,81,43685,43685,0
17,83,17,83,27105,27105,0
17,85,17,85,28655,28655,0
17,87,17,87,12691,12691,0
17,89,17,89,581619,581619,0
17,91,17,91,129949,129949,0
17,93,17,93,126396,126396,0
17,95,17,95,59393,59393,0
17,97,17,97,813347,813347,0
17,99,17,99,140913,140913,0
17,101,17,101,17221,17221,0
17,103,17,103,42537,42537,0
17,105,17,105,45881,45881,0
17,107,17,107,32929,32929,0
17,109,17,109,30305,30305,0
17,111,17,111,381190,381190,0
17,113,17,113,184669,184669,0
17,115,17,115,131421,131421,0
17,117,17,117,57463,57463,0
17,119,17,119,320130,320130,0
17,121,17,121,47150,47150,0
17,123,17,123,15884,15884,0
17,125,17,125,17881,17881,0
17,127,17,127,17875,17875,0
17,129,17,129,15630,15630,0
17,131,17,131,21337,21337,0
17,133,17,133,41427,41427,0
17,135,17,135,34535,34535,0
17,137,17,137,40278,40278,0
17,139,17,139,17699,17699,0
17,141,17,141,66856,66856,0
17,143,17,143,218492,218492,0
17,145,17,145,23845,23845,0
17,147,17,147,20169,20169,0
17,149,17,149,18897,18897,0
17,151,17,151,4360,4360,0
17,153,17,153,6922,6922,0
17,155,17,155,7614,7614,0
17,157,17,157,36879,36879,0
17,159,17,159,19294,19294,0
17,161,17,161,177825,177825,0
17,163,17,163,306373,306373,0
17,165,17,165,27827,27827,0
17,167,17,167,239027,239027,0
17,169,17,169,8600,8600,0
17,171,17,171,6254,6254,0
17,173,17,173,26401,26401,0
17,175,17,175,7479,7479,0
17,177,17,177,59402,59402,0
17,179,17,179,164510,164510,0
17,181,17,181,20411,20411,0
17,183,17,183,93622,93622,0
17,185,17,185,14534,14534,0
17,187,17,187,19959,19959,0
17,189,17,189,18596,18596,0
17,191,17,191,19758,19758,0
17,193,17,193,17719,17719,0
17,195,17,195,74938,74938,0
17,197,17,197,800097,800097,0
17,199,17,199,72667,72667,0
17,201,17,201,358364,358364,0
17,203,17,203,46366,46366,0
18,1,18,1,42751,42751,0
18,3,18,3,424882,424882,0
18,5,18,5,93077,93077,0
18,7,18,7,10604,10604,0
18,9,18,9,16169,16169,0
18,11,18,11,63566,63566,0
18,13,18,13,18468,18468,0
18,15,18,15,24709,24709,0
18,17,18,17,47668,47668,0
18,19,18,19,125308,125308,0
18,21,18,21,32376,32376,0
18,23,18,23,41632,41632,0
18,25,18,25,12327,12327,0
18,27,18,27,35614,35614,0
18,29,18,29,61608,61608,0
18,31,18,31,32224,32224,0
18,33,18,33,51927,51927,0
18,35,18,35,121553,121553,0
18,37,18,37,54387,54387,0
18,39,18,39,241529,241529,0
18,41,18,41,28783,28783,0
18,43,18,43,86288,86288,0
18,45,18,45,21780,21780,0
18,47,18,47,30267,30267,0
18,49,18,49,25468,25468,0
18,51,18,51,40145,40145,0
18,53,18,53,78796,78796,0
18,55,18,55,38383,38383,0
18,57,18,57,296780,296780,0
18,59,18,59,82276,82276,0
18,61,18,61,46046,46046,0
18,63,18,63,161251,161251,0
18,65,18,65,58016,58016,0
18,67,18,67,103469,103469,0
18,69,18,69,47234,47234,0
18,71,18,71,53604,53604,0
18,73,18,73,40035,40035,0
18,75,18,75,26503,26503,0
18,77,18,77,37557,37557,0
18,79,18,79,33510,33510,0
18,81,18,81,159546,159546,0
18,83,18,83,42441,42441,0
18,85,18,85,96191,96191,0
18,87,18,87,45635,45635,0
18,89,18,89,573498,573498,0
18,91,18,91,129881,129881,0
18,93,18,93,54761,54761,0
18,95,18,95,152043,152043,0
18,97,18,97,1028363,1028363,0
18,99,18,99,56908,56908,0
18,101,18,101,12511,12511,0
18,103,18,103,40554,40554,0
18,105,18,105,116174,116174,0
18,107,18,107,46050,46050,0
18,109,18,109,83223,83223,0
18,111,18,111,16712,16712,0
18,113,18,113,56110,56110,0
18,115,18,115,7335,7335,0
18,117,18,117,22593,22593,0
18,119,18,119,24489,24489,0
18,121,18,121,17812,17812,0
18,123,18,123,21390,21390,0
18,125,18,125,15669,15669,0
18,127,18,127,190782,190782,0
18,129,18,129,32071,32071,0
18,131,18,131,16049,16049,0
18,133,18,133,40176,40176,0
18,135,18,135,31722,31722,0
18,137,18,137,32888,32888,0
18,139,18,139,21051,21051,0
18,141,18,141,311767,311767,0
18,143,18,143,26736,26736,0
18,145,18,145,53664,53664,0
18,147,18,147,25873,25873,0
18,149,18,149,27286,27286,0
18,151,18,151,39555,39555,0
18,153,18,153,23532,23532,0
18,155,18,155,9679,9679,0
18,157,18,157,164395,164395,0
18,159,18,159,19933,19933,0
18,161,18,161,8388,8388,0
18,163,18,163,202187,202187,0
18,165,18,165,19941,19941,0
18,167,18,167,114236,114236,0
18,169,18,169,40634,40634,0
18,171,18,171,10504,10504,0
18,173,18,173,69450,69450,0
18,175,18,175,32961,32961,0
18,177,18,177,82447,82447,0
18,179,18,179,33212,33212,0
18,181,18,181,30634,30634,0
18,183,18,183,41588,41588,0
19,1,19,1,9349,9349,0
19,3,19,3,5117,5117,0
19,5,19,5,17303,17303,0
19,7,19,7,14621,14621,0
19,9,19,9,7563,7563,0
19,11,19,11,31563,31563,0
19,13,19,13,141930,141930,0
19,15,19,15,31601,31601,0
19,17,19,17,27901,27901,0
19,19,19,19,25251,25251,0
19,21,19,21,23204,23204,0
19,23,19,23,18664,18664,0
19,25,19,25,12077,12077,0
19,27,19,27,26292,26292,0
19,29,19,29,16669,16669,0
19,31,19,31,22529,22529,0
19,33,19,33,52653,52653,0
19,35,19,35,14802,14802,0
19,37,19,37,15603,15603,0
19,39,19,39,10808,10808,0
19,41,19,41,21044,21044,0
19,43,19,43,22602,22602,0
19,45,19,45,59848,59848,0
19,47,19,47,20004,20004,0
19,49,19,49,68264,68264,0
19,51,19,51,10004,10004,0
19,53,19,53,8529,8529,0
19,55,19,55,22091,22091,0
19,57,19,57,48193,48193,0
19,59,19,59,20497,20497,0
19,61,19,61,112436,112436,0
19,63,19,63,12090,12090,0
19,65,19,65,23570,23570,0
19,67,19,67,19361,19361,0
19,69,19,69,12407,12407,0
19,71,19,71,8833,8833,0
19,73,19,73,11445,11445,0
19,75,19,75,15230,15230,0
19,77,19,77,13280,13280,0
19,79,19,79,18964,18964,0
19,81,19,81,14190,14190,0
19,83,19,83,20445,20445,0
19,85,19,85,17915,17915,0
19,87,19,87,22851,22851,0
19,89,19,89,12026,12026,0
19,91,19,91,12140,12140,0
19,93,19,93,8834,8834,0
19,95,19,95,20496,20496,0
19,97,19,97,24770,24770,0
19,99,19,99,43587,43587,0
19,101,19,101,17218,17218,0
19,103,19,103,127257,127257,0
19,105,19,105,23762,23762,0
19,107,19,107,12644,12644,0
19,109,19,109,19936,19936,0
19,111,19,111,41434,41434,0
19,113,19,113,246525,246525,0
19,115,19,115,13828,13828,0
19,117,19,117,10431,10431,0
19,119,19,119,14301,14301,0
19,121,19,121,18093,18093,0
19,123,19,123,25461,25461,0
19,125,19,125,39311,39311,0
19,127,19,127,46838,46838,0
19,129,19,129,17124,17124,0
19,131,19,131,12926,12926,0
19,133,19,133,11068,11068,0
19,135,19,135,8876,8876,0
19,137,19,137,12799,12799,0
19,139,19,139,52034,52034,0
19,141,19,141,17519,17519,0
19,143,19,143,7961,7961,0
19,145,19,145,17577,17577,0
19,147,19,147,11369,11369,0
19,149,19,149,30931,30931,0
19,151,19,151,9235,9235,0
19,153,19,153,488978,488978,0
19,155,19,155,105081,105081,0
19,157,19,157,21378,21378,0
19,159,19,159,5737,5737,0
19,161,19,161,12864,12864,0
19,163,19,163,191230,191230,0
19,165,19,165,15155,15155,0
19,167,19,167,38667,38667,0
19,169,19,169,81815,81815,0
19,171,19,171,21968,21968,0
19,173,19,173,7393,7393,0
19,175,19,175,14194,14194,0
19,177,19,177,8850,8850,0
19,179,19,179,40389,40389,0
19,181,19,181,52964,52964,0
19,183,19,183,26030,26030,0
19,185,19,185,7344,7344,0
19,187,19,187,42942,42942,0
19,189,19,189,13425,13425,0
19,191,19,191,23743,23743,0
19,193,19,193,116847,116847,0
19,195,19,195,9358,9358,0
19,197,19,197,15578,15578,0
20,1,20,1,15446,15446,0
20,3,20,3,9747,9747,0
20,5,20,5,18940,18940,0
20,7,20,7,5609,5609,0
20,9,20,9,31764,31764,0
20,11,20,11,16930,16930,0
20,13,20,13,12035,12035,0
20,15,20,15,70453,70453,0
20,17,20,17,3183,3183,0
20,19,20,19,3985,3985,0
20,21,20,21,23665,23665,0
20,23,20,23,3367,3367,0
20,25,20,25,2409,2409,0
20,27,20,27,10423,10423,0
20,29,20,29,10793,10793,0
20,31,20,31,10321,10321,0
20,33,20,33,2085,2085,0
20,35,20,35,39624,39624,0
20,37,20,37,40143,40143,0
20,39,20,39,3599,3599,0
20,41,20,41,23314,23314,0
20,43,20,43,8882,8882,0
20,45,20,45,102977,102977,0
20,47,20,47,3554,3554,0
20,49,20,49,3295,3295,0
20,51,20,51,30793,30793,0
20,53,20,53,6935,6935,0
20,55,20,55,42683,42683,0
20,57,20,57,36879,36879,0
20,59,20,59,29756,29756,0
20,61,20,61,34065,34065,0
20,63,20,63,3406,3406,0
20,65,20,65,3265,3265,0
20,67,20,67,8892,8892,0
20,69,20,69,6850,6850,0
20,71,20,71,1581,1581,0
20,73,20,73,7571,7571,0
20,75,20,75,2881,2881,0
20,77,20,77,6950,6950,0
20,79,20,79,39456,39456,0
20,81,20,81,4699,4699,0
20,83,20,83,2360,2360,0
20,85,20,85,15971,15971,0
20,87,20,87,22133,22133,0
20,89,20,89,4129,4129,0
20,91,20,91,615494,615494,0
20,93,20,93,4666,4666,0
20,95,20,95,9417,9417,0
20,97,20,97,2566,2566,0
20,99,20,99,25520,25520,0
20,101,20,101,2113,2113,0
20,103,20,103,75902,75902,0
20,105,20,105,3990,3990,0
20,107,20,107,10670,10670,0
20,109,20,109,3365,3365,0
20,111,20,111,38670,38670,0
20,113,20,113,35120,35120,0
20,115,20,115,14572,14572,0
20,117,20,117,13305,13305,0
20,119,20,119,5154,5154,0
20,121,20,121,36247,36247,0
20,123,20,123,7464,7464,0
20,125,20,125,39252,39252,0
20,127,20,127,6902,6902,0
20,129,20,129,3764,3764,0
20,131,20,131,13148,13148,0
20,133,20,133,19172,19172,0
20,135,20,135,3801,3801,0
20,137,20,137,6203,6203,0
20,139,20,139,19500,19500,0
20,141,20,141,4823,4823,0
20,143,20,143,7500,7500,0
20,145,20,145,7372,7372,0
20,147,20,147,7018,7018,0
20,149,20,149,24074,24074,0
20,151,20,151,10677,10677,0
20,153,20,153,3035,3035,0
20,155,20,155,73127,73127,0
20,157,20,157,6320,6320,0
20,159,20,159,11088,11088,0
20,161,20,161,51220,51220,0
20,163,20,163,6156,6156,0
20,165,20,165,4050,4050,0
20,167,20,167,7966,7966,0
20,169,20,169,65428,65428,0
20,171,20,171,5792,5792,0
20,173,20,173,556342,556342,0
20,175,20,175,25856,25856,0
20,177,20,177,205466,205466,0
20,179,20,179,3314,3314,0
20,181,20,181,6569,6569,0
20,183,20,183,5112,5112,0
20,185,20,185,5016,5016,0
20,187,20,187,2555,2555,0
20,189,20,189,6380,6380,0
20,191,20,191,28009,28009,0
20,193,20,193,8652,8652,0
20,195,20,195,3733,3733,0
20,197,20,197,8232,8232,0
20,199,20,199,1809,1809,0
20,201,20,201,7510,7510,0
20,203,20,203,2743,2743,0
20,205,20,205,11070,11070,0
20,207,20,207,3671,3671,0
20,209,20,209,161644,161644,0
21,1,21,1,17272,17272,0
21,3,21,3,20001,20001,0
21,5,21,5,25064,25064,0
21,7,21,7,9241,9241,0
21,9,21,9,45740,45740,0
21,11,21,11,11887,11887,0
21,13,21,13,25748,25748,0
21,15,21,15,129945,129945,0
21,17,21,17,21551,21551,0
21,19,21,19,51950,51950,0
21,21,21,21,29436,29436,0
21,23,21,23,10218,10218,0
21,25,21,25,13274,13274,0
21,27,21,27,20851,20851,0
21,29,21,29,85109,85109,0
21,31,21,31,13935,13935,0
21,33,21,33,14177,14177,0
21,35,21,35,35268,35268,0
21,37,21,37,98440,98440,0
21,39,21,39,5734,5734,0
21,41,21,41,12796,12796,0
21,43,21,43,29389,29389,0
21,45,21,45,15897,15897,0
21,47,21,47,69560,69560,0
21,49,21,49,39385,39385,0
21,51,21,51,18434,18434,0
21,53,21,53,9882,9882,0
21,55,21,55,9574,9574,0
21,57,21,57,6986,6986,0
21,59,21,59,110638,110638,0
21,61,21,61,12880,12880,0
21,63,21,63,6066,6066,0
21,65,21,65,15211,15211,0
21,67,21,67,292406,292406,0
21,69,21,69,16185,16185,0
21,71,21,71,38423,38423,0
21,73,21,73,56828,56828,0
21,75,21,75,6523,6523,0
21,77,21,77,6842,6842,0
21,79,21,79,17381,17381,0
21,81,21,81,28458,28458,0
21,83,21,83,39812,39812,0
21,85,21,85,27608,27608,0
21,87,21,87,12201,12201,0
21,89,21,89,41143,41143,0
21,91,21,91,10133,10133,0
21,93,21,93,109046,109046,0
21,95,21,95,28492,28492,0
21,97,21,97,20437,20437,0
21,99,21,99,19019,19019,0
21,101,21,101,52152,52152,0
21,103,21,103,17330,17330,0
21,105,21,105,5070,5070,0
21,107,21,107,52042,52042,0
21,109,21,109,12943,12943,0
21,111,21,111,824956,824956,0
21,113,21,113,47442,47442,0
21,115,21,115,22804,22804,0
21,117,21,117,176707,176707,0
21,119,21,119,14777,14777,0
21,121,21,121,29972,29972,0
21,123,21,123,15220,15220,0
21,125,21,125,57994,57994,0
21,127,21,127,15372,15372,0
21,129,21,129,6392,6392,0
21,131,21,131,11116,11116,0
21,133,21,133,23868,23868,0
21,135,21,135,14044,14044,0
21,137,21,137,26359,26359,0
21,139,21,139,10459,10459,0
21,141,21,141,29300,29300,0
21,143,21,143,7824,7824,0
21,145,21,145,73474,73474,0
21,147,21,147,14858,14858,0
21,149,21,149,10811,10811,0
21,151,21,151,79576,79576,0
21,153,21,153,11752,11752,0
21,155,21,155,20177,20177,0
21,157,21,157,35650,35650,0
21,159,21,159,10177,10177,0
21,161,21,161,18930,18930,0
21,163,21,163,30636,30636,0
21,165,21,165,6290,6290,0
21,167,21,167,24525,24525,0
21,169,21,169,10727,10727,0
21,171,21,171,12035,12035,0
21,173,21,173,27903,27903,0
21,175,21,175,12319,12319,0
21,177,21,177,34220,34220,0
21,179,21,179,50637,50637,0
21,181,21,181,7919,7919,0
21,183,21,183,25637,25637,0
21,185,21,185,61759,61759,0
21,187,21,187,10920,10920,0
21,189,21,189,3781,3781,0
21,191,21,191,15634,15634,0
21,193,21,193,29639,29639,0
21,195,21,195,60549,60549,0
21,197,21,197,13697,13697,0
21,199,21,199,64791,64791,0
21,201,21,201,2089,2089,0
21,203,21,203,16908,16908,0
21,205,21,205,20230,20230,0
21,207,21,207,17847,17847,0
21,209,21,209,48134,48134,0
21,211,21,211,43637,43637,0
21,213,21,213,19156,19156,0
21,215,21,215,18187,18187,0
21,217,21,217,24886,24886,0
21,219,21,219,12928,12928,0
21,221,21,221,15014,15014,0
21,223,21,223,9826,9826,0
21,225,21,225,16535,16535,0
21,227,21,227,111018,111018,0
21,229,21,229,12674,12674,0
21,231,21,231,20000,20000,0
21,233,21,233,14991,14991,0
21,235,21,235,36095,36095,0
21,237,21,237,6848,6848,0
21,239,21,239,27829,27829,0
22,1,22,1,64711,64711,0
22,3,22,3,23145,23145,0
22,5,22,5,109214,109214,0
22,7,22,7,25792,25792,0
22,9,22,9,44158,44158,0
22,11,22,11,34231,34231,0
22,13,22,13,14963,14963,0
22,15,22,15,117473,117473,0
22,17,22,17,271817,271817,0
22,19,22,19,202003,202003,0
22,21,22,21,10165,10165,0
22,23,22,23,7508,7508,0
22,25,22,25,10637,10637,0
22,27,22,27,15396,15396,0
22,29,22,29,20040,20040,0
22,31,22,31,29366,29366,0
22,33,22,33,444133,444133,0
22,35,22,35,7478,7478,0
22,37,22,37,20831,20831,0
22,39,22,39,34969,34969,0
22,41,22,41,21280,21280,0
22,43,22,43,20007,20007,0
22,45,22,45,83334,83334,0
22,47,22,47,33827,33827,0
22,49,22,49,16451,16451,0
22,51,22,51,441066,441066,0
22,53,22,53,33219,33219,0
22,55,22,55,221609,221609,0
22,57,22,57,100908,100908,0
22,59,22,59,14207,14207,0
22,61,22,61,38798,38798,0
22,63,22,63,125160,125160,0
22,65,22,65,11878,11878,0
22,67,22,67,31189,31189,0
22,69,22,69,37970,37970,0
22,71,22,71,217222,217222,0
22,73,22,73,160014,160014,0
22,75,22,75,22208,22208,0
22,77,22,77,24144,24144,0
22,79,22,79,142992,142992,0
22,81,22,81,9530,9530,0
22,83,22,83,21190,21190,0
22,85,22,85,24247,24247,0
22,87,22,87,20160,20160,0
22,89,22,89,58776,58776,0
22,91,22,91,14200,14200,0
22,93,22,93,27014,27014,0
22,95,22,95,52477,52477,0
22,97,22,97,92561,92561,0
22,99,22,99,56534,56534,0
22,101,22,101,61803,61803,0
22,103,22,103,227520,227520,0
22,105,22,105,113477,113477,0
22,107,22,107,5407,5407,0
22,109,22,109,125192,125192,0
22,111,22,111,23185,23185,0
22,113,22,113,61826,61826,0
22,115,22,115,46710,46710,0
22,117,22,117,43867,43867,0
22,119,22,119,43155,43155,0
22,121,22,121,25840,25840,0
22,123,22,123,11898,11898,0
22,125,22,125,10860,10860,0
22,127,22,127,14261,14261,0
23,1,23,1,121306,121306,0
23,3,23,3,84150,84150,0
23,5,23,5,323708,323708,0
23,7,23,7,32589,32589,0
23,9,23,9,61704,61704,0
23,11,23,11,140981,140981,0
23,13,23,13,45171,45171,0
23,15,23,15,41262,41262,0
23,17,23,17,63494,63494,0
23,19,23,19,167146,167146,0
23,21,23,21,18861,18861,0
23,23,23,23,42007,42007,0
23,25,23,25,55720,55720,0
23,27,23,27,42988,42988,0
23,29,23,29,36562,36562,0
23,31,23,31,234532,234532,0
24,1,24,1,76612,76612,0
24,3,24,3,598553,598553,0
24,5,24,5,918783,918783,0
24,9,24,9,104521,104521,0
24,11,24,11,36640,36640,0
24,13,24,13,204304,204304,0
24,15,24,15,112428,112428,0
24,17,24,17,166859,166859,0
24,19,24,19,37114,37114,0
24,21,24,21,271922,271922,0
24,23,24,23,34468,34468,0
24,25,24,25,294138,294138,0
24,27,24,27,311913,311913,0
24,29,24,29,21715,21715,0
24,31,24,31,1063260,1063260,0
24,33,24,33,950947,950947,0
24,35,24,35,52847,52847,0
24,37,24,37,116269,116269,0
24,39,24,39,22375,22375,0
24,41,24,41,41569,41569,0
24,43,24,43,168388,168388,0
24,45,24,45,102669,102669,0
24,47,24,47,59837,59837,0
24,510,24,510,585923,585923,0
25,1,25,1,267783,267783,0
25,3,25,3,152653,152653,0
25,5,25,5,637689,637689,0
25,7,25,7,19334,19334,0
25,9,25,9,850233,850233,0
25,11,25,11,83643,83643,0
25,13,25,13,529260,529260,0
25,15,25,15,162934,162934,0
25,17,25,17,1676140,1676140,0
25,19,25,19,12086,12086,0
25,21,25,21,754066,754066,0
25,23,25,23,579733,579733,0
25,25,25,25,679313,679313,0
25,27,25,27,929016,929016,0
26,1,26,1,12981,12981,0
26,3,26,3,10714,10714,0
26,5,26,5,136022,136022,0
26,7,26,7,36816,36816,0
26,9,26,9,28267,28267,0
26,11,26,11,19370,19370,0
26,13,26,13,9294,9294,0
26,15,26,15,72613,72613,0
26,17,26,17,136717,136717,0
26,19,26,19,21189,21189,0
26,21,26,21,184028,184028,0
26,23,26,23,51211,51211,0
26,25,26,25,151305,151305,0
26,27,26,27,60222,60222,0
26,29,26,29,31992,31992,0
26,31,26,31,31886,31886,0
26,33,26,33,39268,39268,0
26,35,26,35,34189,34189,0
26,37,26,37,87311,87311,0
26,39,26,39,15750,15750,0
26,41,26,41,46883,46883,0
26,43,26,43,33056,33056,0
26,45,26,45,129248,129248,0
26,47,26,47,39233,39233,0
26,49,26,49,509084,509084,0
26,51,26,51,30168,30168,0
26,53,26,53,17523,17523,0
26,55,26,55,103175,103175,0
26,57,26,57,45536,45536,0
26,59,26,59,54190,54190,0
26,61,26,61,37214,37214,0
26,63,26,63,43569,43569,0
26,65,26,65,287934,287934,0
26,67,26,67,71114,71114,0
26,69,26,69,31069,31069,0
26,71,26,71,14288,14288,0
26,73,26,73,61572,61572,0
26,75,26,75,182858,182858,0
26,77,26,77,274102,274102,0
26,79,26,79,19412,19412,0
26,81,26,81,713200,713200,0
26,83,26,83,2433,2433,0
26,85,26,85,11327,11327,0
26,87,26,87,109546,109546,0
26,89,26,89,26000,26000,0
26,91,26,91,119968,119968,0
26,93,26,93,220042,220042,0
26,95,26,95,6710,6710,0
26,97,26,97,13832,13832,0
26,99,26,99,1034634,1034634,0
26,101,26,101,28825,28825,0
26,103,26,103,73754,73754,0
26,105,26,105,34457,34457,0
26,107,26,107,41386,41386,0
26,109,26,109,29195,29195,0
26,111,26,111,100801,100801,0
26,113,26,113,17099,17099,0
26,115,26,115,188383,188383,0
26,117,26,117,71552,71552,0
26,119,26,119,11299,11299,0
26,121,26,121,199860,199860,0
26,123,26,123,57432,57432,0
26,125,26,125,1415679,1415679,0
26,127,26,127,31347,31347,0
26,129,26,129,24761,24761,0
26,131,26,131,8207,8207,0
26,133,26,133,26779,26779,0
26,135,26,135,9947,9947,0
26,137,26,137,29297,29297,0
26,139,26,139,307398,307398,0
26,141,26,141,17236,17236,0
26,143,26,143,28056,28056,0
26,145,26,145,237569,237569,0
26,147,26,147,202730,202730,0
26,149,26,149,74355,74355,0
26,151,26,151,53398,53398,0
26,153,26,153,9808,9808,0
26,155,26,155,88280,88280,0
26,157,26,157,70105,70105,0
26,159,26,159,89424,89424,0
26,161,26,161,354027,354027,0
26,163,26,163,2058202,2058202,0
26,165,26,165,37884,37884,0
27,1,27,1,17529,17529,0
27,3,27,3,395794,395794,0
27,5,27,5,38032,38032,0
27,7,27,7,46737,46737,0
27,9,27,9,44911,44911,0
27,11,27,11,6492,6492,0
27,13,27,13,65368,65368,0
27,15,27,15,33184,33184,0
27,17,27,17,39859,39859,0
27,19,27,19,104914,104914,0
27,21,27,21,33286,33286,0
27,23,27,23,15920,15920,0
27,25,27,25,64125,64125,0
27,27,27,27,60947,60947,0
27,29,27,29,10044,10044,0
27,31,27,31,6427,6427,0
27,33,27,33,14492,14492,0
27,35,27,35,72802,72802,0
27,37,27,37,481059,481059,0
27,39,27,39,24025,24025,0
27,41,27,41,44919,44919,0
27,43,27,43,18987,18987,0
27,45,27,45,26030,26030,0
27,47,27,47,39197,39197,0
27,49,27,49,57033,57033,0
27,51,27,51,7742,7742,0
27,53,27,53,1313214,1313214,0
27,55,27,55,24752,24752,0
27,57,27,57,22910,22910,0
27,59,27,59,44267,44267,0
27,61,27,61,52325,52325,0
27,63,27,63,13158,13158,0
27,65,27,65,19576,19576,0
27,67,27,67,50978,50978,0
27,69,27,69,5693,5693,0
27,71,27,71,15878,15878,0
27,73,27,73,9381,9381,0
27,75,27,75,12987,12987,0
27,77,27,77,4952,4952,0
27,79,27,79,34141,34141,0
27,81,27,81,7361,7361,0
27,83,27,83,30347,30347,0
27,85,27,85,47521,47521,0
27,87,27,87,6066,6066,0
27,89,27,89,12180,12180,0
27,91,27,91,26518,26518,0
27,93,27,93,28862,28862,0
27,95,27,95,30321,30321,0
27,97,27,97,41354,41354,0
27,99,27,99,47090,47090,0
27,101,27,101,10910,10910,0
27,103,27,103,36117,36117,0
27,105,27,105,25104,25104,0
27,107,27,107,8332,8332,0
27,109,27,109,175770,175770,0
27,111,27,111,69848,69848,0
27,113,27,113,16559,16559,0
27,115,27,115,31452,31452,0
27,117,27,117,11841,11841,0
27,119,27,119,36609,36609,0
27,121,27,121,13813,13813,0
27,123,27,123,556542,556542,0
27,125,27,125,5052,5052,0
27,127,27,127,19897,19897,0
27,129,27,129,20409,20409,0
27,131,27,131,69044,69044,0
27,133,27,133,11948,11948,0
27,135,27,135,20313,20313,0
27,137,27,137,226099,226099,0
27,139,27,139,150076,150076,0
27,141,27,141,101319,101319,0
27,143,27,143,19397,19397,0
27,145,27,145,167932,167932,0
27,147,27,147,46495,46495,0
27,149,27,149,10537,10537,0
27,151,27,151,12329,12329,0
27,153,27,153,28969,28969,0
27,155,27,155,4386,4386,0
27,157,27,157,27960,27960,0
27,159,27,159,16478,16478,0
27,161,27,161,23657,23657,0
27,163,27,163,280372,280372,0
27,165,27,165,13656,13656,0
27,167,27,167,8496,8496,0
27,169,27,169,55577,55577,0
27,171,27,171,144076,144076,0
27,173,27,173,12810,12810,0
28,1,28,1,32312,32312,0
28,3,28,3,36648,36648,0
28,5,28,5,13202,13202,0
28,7,28,7,19763,19763,0
28,9,28,9,8675,8675,0
28,11,28,11,37006,37006,0
28,13,28,13,16247,16247,0
28,15,28,15,11144,11144,0
28,17,28,17,20131,20131,0
28,19,28,19,8732,8732,0
28,21,28,21,10214,10214,0
28,23,28,23,19583,19583,0
28,25,28,25,21766,21766,0
28,27,28,27,28660,28660,0
28,29,28,29,31593,31593,0
28,31,28,31,20923,20923,0
28,33,28,33,169833,169833,0
28,35,28,35,70505,70505,0
28,37,28,37,9100,9100,0
28,39,28,39,22266,22266,0
28,41,28,41,12024,12024,0
28,43,28,43,24716,24716,0
28,45,28,45,36814,36814,0
28,47,28,47,177382,177382,0
28,49,28,49,263995,263995,0
28,51,28,51,21234,21234,0
28,53,28,53,10251,10251,0
28,55,28,55,1098,1098,0
28,57,28,57,25772,25772,0
28,59,28,59,142463,142463,0
28,61,28,61,19847,19847,0
28,63,28,63,8337,8337,0
28,65,28,65,13287,13287,0
28,67,28,67,67447,67447,0
28,69,28,69,8865,8865,0
28,71,28,71,37423,37423,0
28,73,28,73,48747,48747,0
28,75,28,75,80564,80564,0
28,77,28,77,14273,14273,0
28,79,28,79,22293,22293,0
28,81,28,81,88989,88989,0
28,83,28,83,33301,33301,0
28,85,28,85,37088,37088,0
28,87,28,87,63159,63159,0
28,89,28,89,94593,94593,0
28,91,28,91,27725,27725,0
28,93,28,93,38963,38963,0
28,95,28,95,41660,41660,0
28,97,28,97,12306,12306,0
28,99,28,99,31660,31660,0
28,101,28,101,24552,24552,0
28,103,28,103,14197,14197,0
28,105,28,105,38602,38602,0
28,107,28,107,38108,38108,0
28,109,28,109,53734,53734,0
28,111,28,111,13033,13033,0
28,113,28,113,42332,42332,0
28,115,28,115,30979,30979,0
28,117,28,117,25750,25750,0
28,119,28,119,8288,8288,0
28,121,28,121,142805,142805,0
28,123,28,123,30085,30085,0
28,125,28,125,5514,5514,0
28,127,28,127,27262,27262,0
28,129,28,129,16028,16028,0
28,131,28,131,15765,15765,0
28,133,28,133,28014,28014,0
28,135,28,135,13826,13826,0
28,137,28,137,29849,29849,0
28,139,28,139,23853,23853,0
28,141,28,141,19805,19805,0
28,143,28,143,13068,13068,0
28,145,28,145,29326,29326,0
28,147,28,147,15690,15690,0
28,149,28,149,56351,56351,0
28,151,28,151,58007,58007,0
28,153,28,153,22473,22473,0
28,155,28,155,10768,10768,0
28,157,28,157,9728,9728,0
28,159,28,159,21218,21218,0
28,161,28,161,14110,14110,0
28,163,28,163,26283,26283,0
29,1,29,1,23119,23119,0
29,3,29,3,20674,20674,0
29,5,29,5,7148,7148,0
29,7,29,7,28244,28244,0
29,9,29,9,38166,38166,0
29,11,29,11,14614,14614,0
29,13,29,13,19141,19141,0
29,15,29,15,19905,19905,0
29,17,29,17,13316,13316,0
29,19,29,19,158574,158574,0
29,21,29,21,96499,96499,0
29,23,29,23,45382,45382,0
29,25,29,25,10328,10328,0
29,27,29,27,46390,46390,0
29,29,29,29,44038,44038,0
29,31,29,31,81670,81670,0
29,33,29,33,11572,11572,0
29,35,29,35,6606,6606,0
29,37,29,37,112149,112149,0
29,39,29,39,14984,14984,0
29,41,29,41,9446,9446,0
29,43,29,43,80175,80175,0
29,45,29,45,8435,8435,0
29,47,29,47,251029,251029,0
29,49,29,49,24018,24018,0
29,51,29,51,85393,85393,0
29,53,29,53,18805,18805,0
29,55,29,55,26887,26887,0
29,57,29,57,8849,8849,0
29,59,29,59,17680,17680,0
29,61,29,61,9505,9505,0
29,63,29,63,10768,10768,0
29,65,29,65,16140,16140,0
29,67,29,67,13685,13685,0
29,69,29,69,32734,32734,0
29,71,29,71,124371,124371,0
29,73,29,73,18136,18136,0
29,75,29,75,7705,7705,0
29,77,29,77,291949,291949,0
29,79,29,79,11377,11377,0
29,81,29,81,10162,10162,0
29,83,29,83,25378,25378,0
29,85,29,85,9607,9607,0
29,87,29,87,5982,5982,0
29,89,29,89,10944,10944,0
29,91,29,91,43570,43570,0
29,93,29,93,11001,11001,0
29,95,29,95,741455,741455,0
29,97,29,97,122954,122954,0
29,99,29,99,262078,262078,0
29,101,29,101,51783,51783,0
29,103,29,103,4667,4667,0
29,105,29,105,39868,39868,0
29,107,29,107,38465,38465,0
29,109,29,109,41365,41365,0
29,111,29,111,11259,11259,0
29,113,29,113,59509,59509,0
29,115,29,115,15268,15268,0
29,117,29,117,16100,16100,0
29,119,29,119,21675,21675,0
29,121,29,121,18869,18869,0
29,123,29,123,13555,13555,0
29,125,29,125,9717,9717,0
29,127,29,127,33055,33055,0
29,129,29,129,4042,4042,0
29,131,29,131,25828,25828,0
29,133,29,133,13892,13892,0
29,135,29,135,17162,17162,0
29,137,29,137,10629,10629,0
29,139,29,139,14394,14394,0
29,141,29,141,22258,22258,0
29,143,29,143,20057,20057,0
29,145,29,145,61161,61161,0
29,147,29,147,21903,21903,0
29,149,29,149,10257,10257,0
29,151,29,151,16113,16113,0
29,153,29,153,9966,9966,0
29,155,29,155,19134,19134,0
29,157,29,157,22384,22384,0
29,159,29,159,47190,47190,0
29,161,29,161,43933,43933,0
29,163,29,163,19202,19202,0
29,165,29,165,95286,95286,0
29,167,29,167,31159,31159,0
29,169,29,169,41984,41984,0
29,171,29,171,5987,5987,0
29,173,29,173,11890,11890,0
29,175,29,175,27384,27384,0
29,177,29,177,27829,27829,0
29,179,29,179,6840,6840,0
29,181,29,181,14450,14450,0
29,183,29,183,422714,422714,0
29,185,29,185,9542,9542,0
29,186,29,186,22302,22302,0
29,187,29,187,66489,66489,0
29,189,29,189,1194317,1194317,0
29,195,29,195,24983,24983,0
29,197,29,197,4404,4404,0
29,199,29,199,5492,5492,0
29,201,29,201,45074,45074,0
29,203,29,203,8543,8543,0
29,205,29,205,7632,7632,0
29,207,29,207,33630,33630,0
29,209,29,209,32740,32740,0
29,211,29,211,7488,7488,0
29,213,29,213,48489,48489,0
29,215,29,215,25172,25172,0
29,217,29,217,22153,22153,0
29,219,29,219,36560,36560,0
29,221,29,221,23997,23997,0
29,223,29,223,12519,12519,0
29,225,29,225,39054,39054,0
29,227,29,227,2617,2617,0
29,229,29,229,19688,19688,0
29,510,29,510,313491,313491,0
30,1,30,1,9136,9136,0
30,3,30,3,12729,12729,0
30,5,30,5,7106,7106,0
30,7,30,7,5131,5131,0
30,9,30,9,10394,10394,0
30,11,30,11,1369,1369,0
30,13,30,13,92367,92367,0
30,15,30,15,5367,5367,0
30,17,30,17,12957,12957,0
30,19,30,19,2253,2253,0
30,21,30,21,10242,10242,0
30,23,30,23,10035,10035,0
30,25,30,25,3398,3398,0
30,27,30,27,13249,13249,0
30,29,30,29,100198,100198,0
30,31,30,31,92162,92162,0
30,33,30,33,1386,1386,0
30,35,30,35,14106,14106,0
30,37,30,37,1188,1188,0
30,39,30,39,2983,2983,0
30,41,30,41,18760,18760,0
30,43,30,43,12237,12237,0
30,45,30,45,2224,2224,0
30,47,30,47,28417,28417,0
30,49,30,49,70857,70857,0
30,51,30,51,2153,2153,0
30,53,30,53,20020,20020,0
30,55,30,55,1929,1929,0
30,57,30,57,7735,7735,0
30,59,30,59,2370,2370,0
30,61,30,61,4251,4251,0
30,63,30,63,112505,112505,0
30,65,30,65,4488,4488,0
30,67,30,67,17757,17757,0
30,69,30,69,421,421,0
30,71,30,71,4912,4912,0
30,73,30,73,6835,6835,0
30,75,30,75,1750,1750,0
30,77,30,77,6244,6244,0
30,79,30,79,1328,1328,0
30,81,30,81,43294,43294,0
30,83,30,83,11485,11485,0
30,85,30,85,10633,10633,0
30,87,30,87,10409,10409,0
30,89,30,89,11363,11363,0
30,91,30,91,4395,4395,0
30,93,30,93,37040,37040,0
30,95,30,95,9862,9862,0
30,97,30,97,4032,4032,0
30,99,30,99,7576,7576,0
30,101,30,101,5324,5324,0
30,103,30,103,937,937,0
30,105,30,105,8722,8722,0
30,107,30,107,2310,2310,0
30,109,30,109,1051,1051,0
30,111,30,111,165635,165635,0
31,1,31,1,35382,35382,0
31,3,31,3,8128,8128,0
31,5,31,5,551,551,0
31,7,31,7,697,697,0
31,9,31,9,497,497,0
31,11,31,11,7057,7057,0
31,13,31,13,14187,14187,0
31,15,31,15,2521,2521,0
31,17,31,17,3718,3718,0
31,19,31,19,49896,49896,0
31,21,31,21,8497,8497,0
31,23,31,23,10643,10643,0
31,25,31,25,30151,30151,0
31,27,31,27,11231,11231,0
31,29,31,29,4504,4504,0
31,31,31,31,6588,6588,0
31,33,31,33,11911,11911,0
31,35,31,35,7772,7772,0
31,37,31,37,11641,11641,0
31,39,31,39,11447,11447,0
31,41,31,41,13176,13176,0
31,43,31,43,24195,24195,0
31,45,31,45,8595,8595,0
31,47,31,47,28788,28788,0
31,49,31,49,2177,2177,0
31,51,31,51,7285,7285,0
31,53,31,53,43300,43300,0
31,55,31,55,577750,577750,0
31,57,31,57,2117,2117,0
31,59,31,59,7410,7410,0
31,61,31,61,3769,3769,0
31,63,31,63,2977,2977,0
31,65,31,65,5840,5840,0
31,67,31,67,27088,27088,0
31,69,31,69,2242,2242,0
31,71,31,71,2107,2107,0
31,73,31,73,2428,2428,0
31,75,31,75,857,857,0
31,77,31,77,3038,3038,0
31,79,31,79,64817,64817,0
31,81,31,81,11546,11546,0
31,83,31,83,3769,3769,0
31,85,31,85,1145,1145,0
31,87,31,87,3443,3443,0
31,89,31,89,12727,12727,0
31,91,31,91,959,959,0
31,93,31,93,7477,7477,0
31,95,31,95,9234,9234,0
31,97,31,97,5114,5114,0
31,99,31,99,7623,7623,0
31,101,31,101,9509,9509,0
31,103,31,103,1082,1082,0
31,105,31,105,4172,4172,0
31,107,31,107,10491,10491,0
31,109,31,109,315041,315041,0
31,111,31,111,42764,42764,0
31,113,31,113,897,897,0
31,115,31,115,719,719,0
31,117,31,117,625,625,0
31,119,31,119,41274,41274,0
31,121,31,121,9021,9021,0
31,123,31,123,5633,5633,0
31,125,31,125,4181,4181,0
31,127,31,127,7900,7900,0
31,129,31,129,5706,5706,0
31,131,31,131,19080,19080,0
31,133,31,133,3112,3112,0
31,135,31,135,3459,3459,0
31,137,31,137,11053,11053,0
31,139,31,139,8867,8867,0
31,141,31,141,39379,39379,0
31,143,31,143,6659,6659,0
31,145,31,145,12732,12732,0
31,147,31,147,10127,10127,0
31,149,31,149,1531,1531,0
31,151,31,151,16003,16003,0
31,153,31,153,177434,177434,0
31,155,31,155,24342,24342,0
31,157,31,157,40934,40934,0
31,159,31,159,18893,18893,0
31,161,31,161,6310,6310,0
31,163,31,163,3643,3643,0
31,165,31,165,1260,1260,0
31,167,31,167,7098,7098,0
31,169,31,169,6537,6537,0
31,171,31,171,793,793,0
31,173,31,173,7413,7413,0
31,175,31,175,5003,5003,0
31,177,31,177,23571,23571,0
31,179,31,179,9403,9403,0
31,181,31,181,4309,4309,0
31,183,31,183,933,933,0
31,185,31,185,16231,16231,0
32,1,32,1,27000,27000,0
32,3,32,3,2045380,2045380,0
32,5,32,5,54047,54047,0
32,7,32,7,52865,52865,0
32,9,32,9,724,724,0
32,11,32,11,1543,1543,0
32,13,32,13,18571,18571,0
32,15,32,15,6193,6193,0
32,17,32,17,4509,4509,0
32,19,32,19,55616,55616,0
32,21,32,21,5030,5030,0
32,23,32,23,44681,44681,0
32,27,32,27,5170,5170,0
32,29,32,29,4569,4569,0
32,31,32,31,457141,457141,0
32,33,32,33,9471,9471,0
32,510,32,510,60463,60463,0
33,1,33,1,73781,73781,0
33,3,33,3,56886,56886,0
33,5,33,5,88880,88880,0
33,7,33,7,40202,40202,0
33,9,33,9,95319,95319,0
33,11,33,11,482771,482771,0
33,13,33,13,171210,171210,0
33,15,33,15,362904,362904,0
33,17,33,17,136228,136228,0
33,19,33,19,50496,50496,0
34,1,34,1,338405,338405,0
34,3,34,3,1042349,1042349,0
34,5,34,5,541937,541937,0
34,7,34,7,606690,606690,0
34,9,34,9,115368,115368,0
34,11,34,11,174116,174116,0
34,13,34,13,837230,837230,0
34,15,34,15,344956,344956,0
34,17,34,17,667545,667545,0
34,19,34,19,151671,151671,0
34,21,34,21,404164,404164,0
34,23,34,23,940518,940518,0
34,25,34,25,737584,737584,0
34,27,34,27,582372,582372,0
34,29,34,29,674788,674788,0
34,31,34,31,584257,584257,0
34,33,34,33,80206,80206,0
34,35,34,35,376163,376163,0
34,37,34,37,181897,181897,0
34,39,34,39,614337,614337,0
34,41,34,41,131909,131909,0
35,1,35,1,690162,690162,0
35,3,35,3,3133,3133,0
35,5,35,5,64988,64988,0
35,6,35,6,24386,24386,0
35,7,35,7,14276,14276,0
35,9,35,9,48237,48237,0
35,11,35,11,2253,2253,0
35,13,35,13,206023,206023,0
35,15,35,15,56664,56664,0
35,17,35,17,32103,32103,0
35,19,35,19,4564,4564,0
35,21,35,21,734,734,0
35,23,35,23,5263,5263,0
35,25,35,25,64740,64740,0
35,27,35,27,20060,20060,0
35,28,35,28,22490,22490,0
35,29,35,29,27683,27683,0
35,31,35,31,86788,86788,0
35,33,35,33,5033,5033,0
35,35,35,35,62732,62732,0
35,37,35,37,9494,9494,0
35,39,35,39,42728,42728,0
35,41,35,41,18412,18412,0
35,43,35,43,130793,130793,0
35,45,35,45,145418,145418,0
35,47,35,47,27213,27213,0
35,49,35,49,146882,146882,0
35,51,35,51,11230,11230,0
35,53,35,53,17449,17449,0
35,55,35,55,33514,33514,0
35,57,35,57,14718,14718,0
35,59,35,59,4198,4198,0
35,61,35,61,75172,75172,0
36,1,36,1,339933,339933,0
36,3,36,3,50554,50554,0
36,5,36,5,1355905,1355905,0
36,7,36,7,226727,226727,0
36,9,36,9,90965,90965,0
36,11,36,11,89400,89400,0
36,13,36,13,150936,150936,0
36,15,36,15,101011,101011,0
36,17,36,17,60753,60753,0
36,19,36,19,92799,92799,0
36,21,36,21,70884,70884,0
36,23,36,23,52199,52199,0
36,25,36,25,48612,48612,0
36,27,36,27,331089,331089,0
36,29,36,29,1072944,1072944,0
36,31,36,31,42455,42455,0
36,33,36,33,52408,52408,0
36,35,36,35,64928,64928,0
36,37,36,37,71627,71627,0
36,39,36,39,52597,52597,0
36,41,36,41,5909,5909,0
36,43,36,43,74211,74211,0
36,45,36,45,120965,120965,0
36,47,36,47,2465173,2465173,0
36,49,36,49,28294,28294,0
36,51,36,51,71330,71330,0
36,53,36,53,76532,76532,0
36,55,36,55,868263,868263,0
36,57,36,57,59058,59058,0
36,59,36,59,1581585,1581585,0
36,61,36,61,1551289,1551289,0
36,63,36,63,258146,258146,0
36,65,36,65,265072,265072,0
36,67,36,67,534027,534027,0
36,69,36,69,125147,125147,0
36,71,36,71,422727,422727,0
36,73,36,73,48174,48174,0
36,75,36,75,138859,138859,0
36,77,36,77,67414,67414,0
36,79,36,79,114550,114550,0
36,81,36,81,2384921,2384921,0
36,83,36,83,181896,181896,0
36,85,36,85,519518,519518,0
36,87,36,87,342893,342893,0
36,89,36,89,116043,116043,0
36,91,36,91,259511,259511,0
36,93,36,93,178900,178900,0
36,95,36,95,35328,35328,0
36,97,36,97,21566,21566,0
36,99,36,99,38505,38505,0
36,101,36,101,113326,113326,0
36,103,36,103,1794338,1794338,0
36,105,36,105,82787,82787,0
36,107,36,107,61803,61803,0
36,109,36,109,91292,91292,0
36,111,36,111,201833,201833,0
36,113,36,113,78483,78483,0
36,115,36,115,69272,69272,0
36,117,36,117,114274,114274,0
36,119,36,119,1031082,1031082,0
36,121,36,121,47270,47270,0
36,123,36,123,28835,28835,0
37,1,37,1,162666,162666,0
37,3,37,3,40851,40851,0
37,5,37,5,11802,11802,0
37,7,37,7,26347,26347,0
37,9,37,9,28392,28392,0
37,11,37,11,16992,16992,0
37,13,37,13,51261,51261,0
37,15,37,15,22319,22319,0
37,17,37,17,32741,32741,0
37,19,37,19,102502,102502,0
37,21,37,21,248115,248115,0
37,23,37,23,97994,97994,0
37,25,37,25,189122,189122,0
37,27,37,27,90965,90965,0
37,29,37,29,10579,10579,0
37,31,37,31,68944,68944,0
37,33,37,33,24588,24588,0
37,35,37,35,178212,178212,0
37,37,37,37,66080,66080,0
37,39,37,39,27061,27061,0
37,41,37,41,15872,15872,0
37,43,37,43,10168,10168,0
37,45,37,45,107808,107808,0
37,47,37,47,55895,55895,0
37,49,37,49,107867,107867,0
37,51,37,51,316992,316992,0
37,53,37,53,24463,24463,0
37,55,37,55,37192,37192,0
37,57,37,57,182573,182573,0
37,59,37,59,45583,45583,0
37,61,37,61,53674,53674,0
37,63,37,63,266645,266645,0
37,65,37,65,60503,60503,0
37,67,37,67,379134,379134,0
37,69,37,69,57790,57790,0
37,71,37,71,224221,224221,0
37,73,37,73,12216,12216,0
37,75,37,75,8729,8729,0
37,77,37,77,57135,57135,0
37,79,37,79,18840,18840,0
37,81,37,81,514223,514223,0
37,83,37,83,58275,58275,0
37,85,37,85,104101,104101,0
37,87,37,87,63186,63186,0
37,89,37,89,112946,112946,0
37,91,37,91,21432,21432,0
37,93,37,93,40457,40457,0
37,95,37,95,4853,4853,0
37,97,37,97,173839,173839,0
37,99,37,99,31835,31835,0
37,101,37,101,169322,169322,0
37,103,37,103,10885,10885,0
37,105,37,105,60768,60768,0
37,107,37,107,64105,64105,0
37,109,37,109,83114,83114,0
37,111,37,111,47536,47536,0
37,113,37,113,35822,35822,0
37,115,37,115,20440,20440,0
37,117,37,117,26904,26904,0
37,119,37,119,936979,936979,0
37,121,37,121,16567,16567,0
37,123,37,123,28307,28307,0
37,125,37,125,93289,93289,0
37,127,37,127,106664,106664,0
37,129,37,129,190477,190477,0
37,131,37,131,22260,22260,0
37,133,37,133,161506,161506,0
37,135,37,135,120011,120011,0
37,137,37,137,13333,13333,0
37,139,37,139,41342,41342,0
37,141,37,141,48880,48880,0
37,143,37,143,13746,13746,0
37,145,37,145,43076,43076,0
37,147,37,147,152922,152922,0
37,149,37,149,20514,20514,0
37,151,37,151,158752,158752,0
37,153,37,153,48571,48571,0
37,155,37,155,126716,126716,0
37,157,37,157,105794,105794,0
37,159,37,159,152195,152195,0
37,161,37,161,68430,68430,0
37,163,37,163,65950,65950,0
37,165,37,165,38190,38190,0
37,167,37,167,67216,67216,0
37,169,37,169,52015,52015,0
37,171,37,171,80592,80592,0
37,173,37,173,19121,19121,0
37,175,37,175,32021,32021,0
37,177,37,177,4080,4080,0
37,179,37,179,206572,206572,0
37,181,37,181,47889,47889,0
37,183,37,183,920307,920307,0
37,185,37,185,19418,19418,0
37,187,37,187,14584,14584,0
37,189,37,189,38516,38516,0
37,191,37,191,123919,123919,0
37,193,37,193,74884,74884,0
37,195,37,195,86804,86804,0
37,197,37,197,43007,43007,0
37,199,37,199,18904,18904,0
38,1,38,1,2818,2818,0
38,3,38,3,12805,12805,0
38,5,38,5,7142,7142,0
38,7,38,7,945,945,0
38,9,38,9,7787,7787,0
38,11,38,11,3822,3822,0
38,13,38,13,2437,2437,0
38,15,38,15,92987,92987,0
38,17,38,17,162022,162022,0
38,19,38,19,5161,5161,0
38,21,38,21,6181,6181,0
38,23,38,23,2504,2504,0
38,25,38,25,3896,3896,0
38,27,38,27,2835,2835,0
38,29,38,29,4430,4430,0
38,31,38,31,4242,4242,0
38,33,38,33,1955,1955,0
38,35,38,35,70884,70884,0
38,37,38,37,2951,2951,0
38,39,38,39,2979,2979,0
38,41,38,41,2975,2975,0
38,43,38,43,2975,2975,0
38,45,38,45,5166,5166,0
38,47,38,47,2371,2371,0
38,49,38,49,6440,6440,0
38,51,38,51,3496,3496,0
38,53,38,53,5756,5756,0
38,55,38,55,10639,10639,0
38,57,38,57,10594,10594,0
38,59,38,59,31693,31693,0
38,61,38,61,8080,8080,0
38,63,38,63,4044,4044,0
38,65,38,65,2419,2419,0
38,67,38,67,9750,9750,0
38,69,38,69,5177,5177,0
38,71,38,71,13493,13493,0
38,73,38,73,6881,6881,0
38,75,38,75,2881,2881,0
38,77,38,77,19562,19562,0
38,79,38,79,14625,14625,0
38,81,38,81,5201,5201,0
38,83,38,83,1763,1763,0
38,85,38,85,3665,3665,0
38,87,38,87,839,839,0
38,89,38,89,27489,27489,0
38,91,38,91,2427,2427,0
38,93,38,93,23951,23951,0
38,95,38,95,2856,2856,0
38,97,38,97,9518,9518,0
38,99,38,99,13557,13557,0
38,101,38,101,68726,68726,0
38,103,38,103,5348,5348,0
38,105,38,105,24893,24893,0
39,1,39,1,30767,30767,0
39,3,39,3,124236,124236,0
39,5,39,5,61810,61810,0
39,7,39,7,119377,119377,0
39,9,39,9,52559,52559,0
39,11,39,11,59285,59285,0
39,13,39,13,79341,79341,0
39,15,39,15,50702,50702,0
39,17,39,17,408794,408794,0
39,19,39,19,33534,33534,0
39,21,39,21,47294,47294,0
39,23,39,23,163088,163088,0
39,25,39,25,227900,227900,0
39,27,39,27,49943,49943,0
39,29,39,29,124532,124532,0
39,31,39,31,43177,43177,0
39,33,39,33,55022,55022,0
39,35,39,35,1487127,1487127,0
39,37,39,37,66150,66150,0
39,39,39,39,48907,48907,0
39,41,39,41,188812,188812,0
39,43,39,43,94765,94765,0
39,45,39,45,164643,164643,0
39,47,39,47,32976,32976,0
39,49,39,49,1297523,1297523,0
39,51,39,51,53966,53966,0
39,53,39,53,32587,32587,0
39,55,39,55,111010,111010,0
39,57,39,57,174723,174723,0
39,59,39,59,47370,47370,0
39,61,39,61,915284,915284,0
39,63,39,63,89116,89116,0
39,65,39,65,34007,34007,0
39,67,39,67,17844,17844,0
39,69,39,69,36839,36839,0
39,71,39,71,48720,48720,0
39,73,39,73,32534,32534,0
39,75,39,75,43962,43962,0
39,77,39,77,75075,75075,0
39,79,39,79,36223,36223,0
39,81,39,81,80435,80435,0
39,83,39,83,66602,66602,0
39,85,39,85,286702,286702,0
39,87,39,87,68616,68616,0
39,89,39,89,193449,193449,0
39,91,39,91,56697,56697,0
39,93,39,93,355255,355255,0
39,95,39,95,498304,498304,0
39,97,39,97,44911,44911,0
39,99,39,99,276561,276561,0
39,101,39,101,72709,72709,0
39,103,39,103,208506,208506,0
39,105,39,105,24885,24885,0
39,107,39,107,53706,53706,0
39,109,39,109,124921,124921,0
39,111,39,111,17205,17205,0
39,113,39,113,623677,623677,0
39,115,39,115,16006,16006,0
39,117,39,117,38335,38335,0
39,119,39,119,101100,101100,0
39,121,39,121,13916,13916,0
39,123,39,123,51549,51549,0
39,125,39,125,24105,24105,0
39,127,39,127,39659,39659,0
39,129,39,129,58753,58753,0
39,131,39,131,30731,30731,0
39,133,39,133,175989,175989,0
39,135,39,135,50587,50587,0
39,137,39,137,45163,45163,0
39,139,39,139,147989,147989,0
39,141,39,141,83238,83238,0
39,143,39,143,76550,76550,0
39,145,39,145,78972,78972,0
39,147,39,147,69061,69061,0
39,149,39,149,61744,61744,0
39,151,39,151,456377,456377,0
39,153,39,153,634598,634598,0
39,155,39,155,256811,256811,0
39,157,39,157,115367,115367,0
39,159,39,159,56393,56393,0
39,161,39,161,37094,37094,0
39,163,39,163,13999,13999,0
39,165,39,165,236227,236227,0
39,167,39,167,72618,72618,0
39,169,39,169,138116,138116,0
39,171,39,171,47802,47802,0
39,173,39,173,138258,138258,0
39,175,39,175,28133,28133,0
40,1,40,1,22880,22880,0
40,3,40,3,5158,5158,0
40,5,40,5,14128,14128,0
40,7,40,7,5619,5619,0
40,9,40,9,20767,20767,0
40,11,40,11,10565,10565,0
40,13,40,13,35709,35709,0
40,15,40,15,28281,28281,0
40,17,40,17,114750,114750,0
40,19,40,19,50160,50160,0
40,21,40,21,41065,41065,0
40,23,40,23,14334,14334,0
40,25,40,25,3008,3008,0
40,27,40,27,244404,244404,0
40,29,40,29,5038,5038,0
40,31,40,31,111222,111222,0
40,33,40,33,6303,6303,0
40,35,40,35,14487,14487,0
40,37,40,37,72933,72933,0
40,39,40,39,25468,25468,0
40,41,40,41,37002,37002,0
40,43,40,43,5073,5073,0
40,45,40,45,4077,4077,0
40,47,40,47,64287,64287,0
40,49,40,49,28324,28324,0
40,51,40,51,50135,50135,0
40,53,40,53,4716,4716,0
40,55,40,55,5076,5076,0
40,57,40,57,2838,2838,0
40,59,40,59,3895,3895,0
40,61,40,61,12514,12514,0
40,63,40,63,11797,11797,0
40,65,40,65,27726,27726,0
40,67,40,67,5753,5753,0
40,69,40,69,10255,10255,0
40,71,40,71,50258,50258,0
40,73,40,73,16293,16293,0
40,75,40,75,9458,9458,0
40,77,40,77,11782,11782,0
40,79,40,79,47511,47511,0
40,81,40,81,33574,33574,0
40,83,40,83,36229,36229,0
40,85,40,85,9372,9372,0
40,87,40,87,34829,34829,0
40,89,40,89,32181,32181,0
40,91,40,91,18483,18483,0
40,93,40,93,8309,8309,0
40,95,40,95,14326,14326,0
40,97,40,97,42618,42618,0
40,99,40,99,12639,12639,0
40,101,40,101,72373,72373,0
40,103,40,103,12373,12373,0
40,105,40,105,11316,11316,0
40,107,40,107,10665,10665,0
40,109,40,109,707858,707858,0
40,111,40,111,39449,39449,0
40,113,40,113,44092,44092,0
40,115,40,115,33632,33632,0
40,117,40,117,16651,16651,0
40,119,40,119,62445,62445,0
40,121,40,121,44780,44780,0
40,123,40,123,36687,36687,0
40,125,40,125,69030,69030,0
40,127,40,127,11026,11026,0
40,129,40,129,3836,3836,0
40,131,40,131,90487,90487,0
40,133,40,133,23618,23618,0
40,135,40,135,41813,41813,0
40,137,40,137,46301,46301,0
40,139,40,139,21496,21496,0
40,141,40,141,7914,7914,0
40,143,40,143,630934,630934,0
40,145,40,145,70264,70264,0
40,147,40,147,55864,55864,0
40,149,40,149,11778,11778,0
40,151,40,151,8138,8138,0
40,153,40,153,21056,21056,0
41,1,41,1,16865,16865,0
41,3,41,3,80627,80627,0
41,5,41,5,397339,397339,0
41,7,41,7,36673,36673,0
41,9,41,9,53539,53539,0
41,11,41,11,64646,64646,0
41,13,41,13,22256,22256,0
41,15,41,15,23057,23057,0
41,17,41,17,164564,164564,0
41,19,41,19,112913,112913,0
41,21,41,21,1938,1938,0
41,23,41,23,7488,7488,0
41,25,41,25,7553,7553,0
41,27,41,27,24343,24343,0
41,29,41,29,215129,215129,0
41,31,41,31,22328,22328,0
41,33,41,33,84793,84793,0
41,35,41,35,69227,69227,0
41,37,41,37,7687,7687,0
41,39,41,39,361415,361415,0
41,41,41,41,45650,45650,0
41,43,41,43,121578,121578,0
41,45,41,45,28571,28571,0
41,47,41,47,328074,328074,0
41,49,41,49,11722,11722,0
41,51,41,51,741307,741307,0
41,53,41,53,75220,75220,0
41,55,41,55,1885,1885,0
41,57,41,57,26596,26596,0
41,59,41,59,77540,77540,0
41,61,41,61,27414,27414,0
41,63,41,63,8023,8023,0
41,65,41,65,25125,25125,0
41,67,41,67,562005,562005,0
41,69,41,69,1316,1316,0
41,71,41,71,99761,99761,0
42,1,42,1,123747,123747,0
42,3,42,3,1450500,1450500,0
42,5,42,5,85716,85716,0
42,7,42,7,214179,214179,0
42,9,42,9,62274,62274,0
42,11,42,11,499493,499493,0
42,13,42,13,153561,153561,0
42,15,42,15,76324,76324,0
42,17,42,17,779383,779383,0
42,19,42,19,224449,224449,0
42,21,42,21,173714,173714,0
42,23,42,23,6688,6688,0
42,25,42,25,78118,78118,0
42,27,42,27,138135,138135,0
42,29,42,29,582878,582878,0
42,31,42,31,45691,45691,0
42,33,42,33,95588,95588,0
42,35,42,35,43376,43376,0
42,37,42,37,73646,73646,0
42,39,42,39,103248,103248,0
42,41,42,41,280703,280703,0
42,43,42,43,324906,324906,0
42,45,42,45,647817,647817,0
42,47,42,47,43417,43417,0
42,49,42,49,323824,323824,0
42,51,42,51,160505,160505,0
42,53,42,53,5800,5800,0
42,55,42,55,186527,186527,0
42,57,42,57,18810,18810,0
42,59,42,59,42144,42144,0
42,61,42,61,51215,51215,0
42,63,42,63,96275,96275,0
42,65,42,65,56124,56124,0
42,67,42,67,29137,29137,0
42,69,42,69,248674,248674,0
42,71,42,71,644031,644031,0
42,73,42,73,109141,109141,0
42,75,42,75,167076,167076,0
42,77,42,77,415495,415495,0
42,79,42,79,378813,378813,0
42,81,42,81,138331,138331,0
42,83,42,83,50407,50407,0
42,85,42,85,139580,139580,0
42,87,42,87,56427,56427,0
42,89,42,89,184527,184527,0
42,91,42,91,943238,943238,0
42,93,42,93,21644,21644,0
42,95,42,95,357329,357329,0
42,97,42,97,110963,110963,0
42,99,42,99,57484,57484,0
42,101,42,101,1477147,1477147,0
42,103,42,103,64067,64067,0
42,105,42,105,20578,20578,0
42,107,42,107,177853,177853,0
42,109,42,109,44668,44668,0
42,111,42,111,93539,93539,0
42,113,42,113,7342,7342,0
42,115,42,115,51269,51269,0
42,117,42,117,47778,47778,0
42,119,42,119,42945,42945,0
42,121,42,121,66971,66971,0
42,123,42,123,50010,50010,0
42,125,42,125,252527,252527,0
42,127,42,127,57626,57626,0
42,129,42,129,458665,458665,0
42,131,42,131,34376,34376,0
42,133,42,133,536670,536670,0
44,1,44,1,57071,57071,0
44,3,44,3,205448,205448,0
44,5,44,5,93232,93232,0
44,7,44,7,709192,709192,0
44,9,44,9,146685,146685,0
45,1,45,1,27351,27351,0
45,3,45,3,168838,168838,0
45,5,45,5,9948,9948,0
45,7,45,7,200561,200561,0
45,9,45,9,15277,15277,0
45,11,45,11,23921,23921,0
45,13,45,13,157679,157679,0
45,15,45,15,168930,168930,0
45,17,45,17,15470,15470,0
45,19,45,19,337490,337490,0
45,21,45,21,59238,59238,0
45,23,45,23,37146,37146,0
45,25,45,25,47782,47782,0
45,27,45,27,34939,34939,0
45,29,45,29,42063,42063,0
45,31,45,31,74895,74895,0
45,33,45,33,34254,34254,0
45,35,45,35,135541,135541,0
45,37,45,37,25642,25642,0
45,39,45,39,25793,25793,0
45,41,45,41,143834,143834,0
45,43,45,43,67024,67024,0
45,45,45,45,470514,470514,0
45,47,45,47,74240,74240,0
45,49,45,49,21607,21607,0
45,51,45,51,272179,272179,0
45,53,45,53,20257,20257,0
45,55,45,55,66319,66319,0
45,57,45,57,71301,71301,0
45,59,45,59,70039,70039,0
45,61,45,61,19250,19250,0
45,63,45,63,272689,272689,0
45,65,45,65,10231,10231,0
45,67,45,67,36475,36475,0
45,69,45,69,30047,30047,0
45,71,45,71,40713,40713,0
45,73,45,73,79582,79582,0
45,75,45,75,95867,95867,0
45,77,45,77,117890,117890,0
45,79,45,79,363359,363359,0
45,81,45,81,20156,20156,0
45,83,45,83,304683,304683,0
45,85,45,85,115324,115324,0
45,87,45,87,31643,31643,0
45,89,45,89,36526,36526,0
45,91,45,91,237835,237835,0
46,3,46,3,3343,3343,0
46,5,46,5,19027,19027,0
46,7,46,7,3149,3149,0
46,9,46,9,7137,7137,0
46,11,46,11,29802,29802,0
46,13,46,13,43174,43174,0
46,15,46,15,5729,5729,0
46,17,46,17,1960,1960,0
46,19,46,19,10805,10805,0
46,21,46,21,1817,1817,0
46,23,46,23,9572,9572,0
46,25,46,25,3982,3982,0
46,27,46,27,12053,12053,0
46,29,46,29,32472,32472,0
46,31,46,31,3560,3560,0
46,33,46,33,8242,8242,0
46,35,46,35,22338,22338,0
46,37,46,37,6774,6774,0
46,39,46,39,5502,5502,0
46,41,46,41,6491,6491,0
46,43,46,43,3739,3739,0
46,45,46,45,4448,4448,0
46,47,46,47,7666,7666,0
46,49,46,49,2501,2501,0
46,51,46,51,9581,9581,0
46,53,46,53,5128,5128,0
46,55,46,55,2502,2502,0
46,57,46,57,6272,6272,0
46,59,46,59,4177,4177,0
46,61,46,61,5430,5430,0
46,63,46,63,1508,1508,0
46,65,46,65,20170,20170,0
46,67,46,67,8729,8729,0
46,69,46,69,1652,1652,0
46,71,46,71,2761,2761,0
46,73,46,73,2306,2306,0
46,75,46,75,1223,1223,0
46,77,46,77,6302,6302,0
46,79,46,79,12977,12977,0
46,81,46,81,25552,25552,0
46,83,46,83,42327,42327,0
46,85,46,85,4251,4251,0
46,87,46,87,6726,6726,0
46,89,46,89,2853,2853,0
46,91,46,91,5031,5031,0
46,93,46,93,29456,29456,0
46,95,46,95,1918,1918,0
46,97,46,97,2878,2878,0
46,99,46,99,208355,208355,0
46,101,46,101,7763,7763,0
46,103,46,103,110614,110614,0
46,105,46,105,3533,3533,0
46,107,46,107,3002,3002,0
46,109,46,109,11583,11583,0
46,111,46,111,2900,2900,0
46,113,46,113,11467,11467,0
46,115,46,115,7397,7397,0
46,117,46,117,3428,3428,0
46,119,46,119,1755,1755,0
46,121,46,121,8831,8831,0
46,123,46,123,6931,6931,0
46,125,46,125,9873,9873,0
46,127,46,127,16855,16855,0
46,129,46,129,6481,6481,0
46,135,46,135,25118,25118,0
46,137,46,137,1254,1254,0
47,1,47,1,80729,80729,0
47,3,47,3,49411,49411,0
47,5,47,5,17675,17675,0
47,7,47,7,11376,11376,0
47,9,47,9,136323,136323,0
47,11,47,11,103460,103460,0
47,13,47,13,39272,39272,0
47,15,47,15,14892,14892,0
47,17,47,17,32618,32618,0
47,19,47,19,58980,58980,0
47,21,47,21,43939,43939,0
47,23,47,23,16776,16776,0
47,25,47,25,33342,33342,0
47,27,47,27,8119,8119,0
47,29,47,29,37892,37892,0
47,31,47,31,58121,58121,0
47,33,47,33,15949,15949,0
47,35,47,35,61528,61528,0
47,37,47,37,642706,642706,0
47,39,47,39,12128,12128,0
47,41,47,41,19698,19698,0
47,43,47,43,53845,53845,0
47,45,47,45,42719,42719,0
47,47,47,47,42234,42234,0
47,49,47,49,18127,18127,0
47,51,47,51,44684,44684,0
47,53,47,53,54896,54896,0
47,55,47,55,32786,32786,0
47,57,47,57,22629,22629,0
47,59,47,59,75215,75215,0
47,61,47,61,14969,14969,0
47,63,47,63,67064,67064,0
47,65,47,65,357980,357980,0
47,67,47,67,5750,5750,0
47,69,47,69,27928,27928,0
47,71,47,71,27539,27539,0
47,73,47,73,61485,61485,0
47,75,47,75,22203,22203,0
47,77,47,77,30404,30404,0
47,79,47,79,35031,35031,0
47,81,47,81,24377,24377,0
47,83,47,83,8357,8357,0
47,85,47,85,20628,20628,0
47,87,47,87,12575,12575,0
47,89,47,89,52093,52093,0
47,91,47,91,17146,17146,0
47,93,47,93,446403,446403,0
47,95,47,95,5368,5368,0
47,97,47,97,26291,26291,0
47,99,47,99,44311,44311,0
47,101,47,101,12075,12075,0
47,103,47,103,37065,37065,0
47,105,47,105,52605,52605,0
47,107,47,107,55682,55682,0
47,109,47,109,27172,27172,0
47,111,47,111,23334,23334,0
47,113,47,113,104828,104828,0
47,115,47,115,31916,31916,0
47,117,47,117,34204,34204,0
47,119,47,119,88843,88843,0
47,121,47,121,11782,11782,0
47,123,47,123,46435,46435,0
47,125,47,125,166845,166845,0
47,127,47,127,6967,6967,0
47,129,47,129,20973,20973,0
47,131,47,131,36155,36155,0
47,133,47,133,23370,23370,0
47,135,47,135,7987,7987,0
47,137,47,137,5454,5454,0
47,139,47,139,17941,17941,0
47,141,47,141,71169,71169,0
47,143,47,143,32534,32534,0
47,145,47,145,59263,59263,0
47,147,47,147,73071,73071,0
47,149,47,149,269054,269054,0
47,151,47,151,22857,22857,0
47,153,47,153,14410,14410,0
47,155,47,155,92641,92641,0
47,157,47,157,1040685,1040685,0
47,159,47,159,20964,20964,0
47,161,47,161,14211,14211,0
47,163,47,163,174306,174306,0
47,165,47,165,171733,171733,0
47,167,47,167,66432,66432,0
47,169,47,169,8397,8397,0
47,171,47,171,19146,19146,0
47,173,47,173,19081,19081,0
47,175,47,175,5805,5805,0
47,177,47,177,43791,43791,0
47,179,47,179,123991,123991,0
47,181,47,181,15547,15547,0
47,183,47,183,33865,33865,0
47,185,47,185,27694,27694,0
47,187,47,187,185622,185622,0
47,189,47,189,121617,121617,0
48,1,48,1,45964,45964,0
48,3,48,3,15437,15437,0
48,5,48,5,89072,89072,0
48,7,48,7,22172,22172,0
48,9,48,9,9168,9168,0
48,11,48,11,2101,2101,0
48,13,48,13,45565,45565,0
48,15,48,15,29407,29407,0
48,17,48,17,6989,6989,0
48,19,48,19,19077,19077,0
48,21,48,21,68210,68210,0
48,23,48,23,3709,3709,0
48,25,48,25,25179,25179,0
48,27,48,27,293189,293189,0
48,29,48,29,1739337,1739337,0
48,31,48,31,9591,9591,0
48,33,48,33,-2,-2,0
48,35,48,35,17409,17409,0
48,37,48,37,94444,94444,0
48,39,48,39,309334,309334,0
48,41,48,41,143974,143974,0
48,43,48,43,8669,8669,0
48,45,48,45,1669,1669,0
48,47,48,47,8109,8109,0
48,49,48,49,37697,37697,0
48,51,48,51,17702,17702,0
48,53,48,53,42033,42033,0
48,55,48,55,35047,35047,0
48,57,48,57,21897,21897,0
48,59,48,59,13842,13842,0
48,61,48,61,402759,402759,0
48,63,48,63,12989,12989,0
48,65,48,65,6348,6348,0
48,67,48,67,32393,32393,0
48,69,48,69,7542,7542,0
48,71,48,71,34708,34708,0
48,73,48,73,49605,49605,0
48,75,48,75,6030,6030,0
48,77,48,77,11155,11155,0
48,79,48,79,3435,3435,0
48,81,48,81,3386,3386,0
48,83,48,83,8420,8420,0
48,85,48,85,744741,744741,0
48,87,48,87,2998,2998,0
48,89,48,89,22165,22165,0
48,91,48,91,109431,109431,0
48,93,48,93,13531,13531,0
48,95,48,95,2544,2544,0
48,97,48,97,40498,40498,0
48,99,48,99,59729,59729,0
48,101,48,101,1653,1653,0
48,103,48,103,4665,4665,0
48,105,48,105,4135,4135,0
48,107,48,107,6314,6314,0
48,109,48,109,2731,2731,0
48,111,48,111,6790,6790,0
48,113,48,113,2409497,2409497,0
48,115,48,115,12938,12938,0
48,117,48,117,20734,20734,0
48,119,48,119,4988,4988,0
48,121,48,121,629656,629656,0
48,123,48,123,19413,19413,0
48,125,48,125,1989,1989,0
48,127,48,127,9862,9862,0
48,129,48,129,3407,3407,0
48,131,48,131,11958,11958,0
48,133,48,133,17915,17915,0
48,135,48,135,144445,144445,0
48,137,48,137,2083,2083,0
48,139,48,139,152671,152671,0
48,141,48,141,845003,845003,0
48,143,48,143,31920,31920,0
48,145,48,145,15382,15382,0
48,147,48,147,31769,31769,0
48,149,48,149,24722,24722,0
48,151,48,151,3895,3895,0
48,153,48,153,7206,7206,0
48,155,48,155,1416,1416,0
48,157,48,157,537554,537554,0
48,159,48,159,11045,11045,0
48,161,48,161,18389,18389,0
48,163,48,163,14348,14348,0
48,165,48,165,16664,16664,0
48,167,48,167,301292,301292,0
48,169,48,169,4393,4393,0
48,171,48,171,24689,24689,0
48,173,48,173,1320,1320,0
48,175,48,175,7104,7104,0
48,177,48,177,19782,19782,0
48,179,48,179,22895,22895,0
48,181,48,181,124396,124396,0
48,183,48,183,130194,130194,0
48,185,48,185,24170,24170,0
48,187,48,187,127409,127409,0
48,189,48,189,36769,36769,0
48,191,48,191,3212,3212,0
48,193,48,193,8503,8503,0
48,195,48,195,5778,5778,0
48,197,48,197,4240,4240,0
48,199,48,199,55950,55950,0
48,201,48,201,4057669,4057669,0
48,203,48,203,67241,67241,0
48,205,48,205,3990,3990,0
48,207,48,207,5552,5552,0
48,209,48,209,128415,128415,0
48,211,48,211,3815,3815,0
48,213,48,213,74503,74503,0
48,215,48,215,718398,718398,0
48,217,48,217,34603,34603,0
48,219,48,219,24254,24254,0
48,221,48,221,49168,49168,0
48,223,48,223,36163,36163,0
48,225,48,225,20283,20283,0
48,227,48,227,30418,30418,0
48,229,48,229,3446,3446,0
48,231,48,231,83250,83250,0
48,233,48,233,24640,24640,0
48,235,48,235,1646,1646,0
48,237,48,237,7829,7829,0
48,239,48,239,15510,15510,0
48,241,48,241,35695,35695,0
48,243,48,243,2214,2214,0
48,245,48,245,255238,255238,0
48,247,48,247,5343,5343,0
48,249,48,249,43911,43911,0
48,251,48,251,154279,154279,0
48,253,48,253,15676,15676,0
48,255,48,255,12631,12631,0
48,257,48,257,103375,103375,0
48,259,48,259,33630,33630,0
48,261,48,261,384,384,0
48,263,48,263,792,792,0
48,265,48,265,49810,49810,0
48,267,48,267,4587,4587,0
48,269,48,269,-2,-2,0
48,271,48,271,3229,3229,0
48,273,48,273,30097,30097,0
48,275,48,275,3795,3795,0
48,277,48,277,52187,52187,0
48,279,48,279,14769,14769,0
48,281,48,281,19937,19937,0
48,283,48,283,5714,5714,0
48,285,48,285,21316,21316,0
48,287,48,287,16927,16927,0
48,289,48,289,17272,17272,0
48,291,48,291,70624,70624,0
48,293,48,293,21824,21824,0
48,295,48,295,3228,3228,0
48,297,48,297,9231,9231,0
48,299,48,299,16552,16552,0
48,301,48,301,-2,-2,0
48,303,48,303,260339,260339,0
48,305,48,305,6373,6373,0
48,307,48,307,8325,8325,0
48,309,48,309,230752,230752,0
48,311,48,311,848,848,0
48,313,48,313,11046,11046,0
48,315,48,315,9443,9443,0
48,317,48,317,4608,4608,0
48,319,48,319,3689,3689,0
48,321,48,321,38394,38394,0
48,323,48,323,62756,62756,0
48,325,48,325,43621,43621,0
48,327,48,327,2117,2117,0
48,329,48,329,137411,137411,0
48,331,48,331,25516,25516,0
48,333,48,333,4748,4748,0
48,335,48,335,7043,7043,0
48,337,48,337,20263,20263,0
48,339,48,339,412846,412846,0
48,341,48,341,21896,21896,0
48,343,48,343,14351,14351,0
48,345,48,345,1130,1130,0
48,347,48,347,56610,56610,0
48,349,48,349,48694,48694,0
48,351,48,351,11424,11424,0
48,353,48,353,15775,15775,0
48,355,48,355,341699,341699,0
48,357,48,357,10538,10538,0
48,359,48,359,2021,2021,0
48,361,48,361,90949,90949,0
48,363,48,363,27542,27542,0
48,365,48,365,25001,25001,0
48,367,48,367,110862,110862,0
48,369,48,369,10820,10820,0
48,371,48,371,13963,13963,0
48,373,48,373,54111,54111,0
48,375,48,375,115330,115330,0
48,377,48,377,10701,10701,0
48,379,48,379,9419,9419,0
48,381,48,381,120730,120730,0
48,383,48,383,3754,3754,0
48,385,48,385,3122,3122,0
48,387,48,387,13428,13428,0
48,389,48,389,11503,11503,0
48,391,48,391,8188,8188,0
48,393,48,393,870,870,0
48,395,48,395,16572,16572,0
48,397,48,397,74092,74092,0
48,399,48,399,11308,11308,0
48,401,48,401,48659,48659,0
48,403,48,403,10310,10310,0
48,405,48,405,8618,8618,0
48,407,48,407,22689,22689,0
48,409,48,409,73562,73562,0
48,411,48,411,5448,5448,0
48,413,48,413,3206,3206,0
48,415,48,415,16350,16350,0
48,417,48,417,3434,3434,0
48,419,48,419,25168,25168,0
48,421,48,421,2707,2707,0
48,423,48,423,210236,210236,0
48,425,48,425,7900,7900,0
48,427,48,427,65310,65310,0
48,429,48,429,8760,8760,0
48,431,48,431,1122,1122,0
48,433,48,433,1546,1546,0
48,435,48,435,5096,5096,0
48,437,48,437,7705,7705,0
48,439,48,439,1852799,1852799,0
48,441,48,441,134940,134940,0
48,443,48,443,876,876,0
48,445,48,445,11964,11964,0
48,447,48,447,1574,1574,0
48,449,48,449,31507,31507,0
48,451,48,451,112569,112569,0
48,453,48,453,925675,925675,0
48,455,48,455,13448,13448,0
48,457,48,457,18732,18732,0
48,459,48,459,36944,36944,0
48,461,48,461,3316,3316,0
48,463,48,463,28800,28800,0
48,465,48,465,52968,52968,0
48,467,48,467,51032,51032,0
48,469,48,469,94948,94948,0
48,471,48,471,45621,45621,0
48,473,48,473,34252,34252,0
48,475,48,475,11260,11260,0
48,477,48,477,33825,33825,0
48,479,48,479,260667,260667,0
48,481,48,481,45698,45698,0
48,483,48,483,5492,5492,0
48,485,48,485,129183,129183,0
48,487,48,487,14049,14049,0
48,489,48,489,19968,19968,0
48,491,48,491,390667,390667,0
48,493,48,493,42218,42218,0
48,495,48,495,7379,7379,0
48,497,48,497,57409,57409,0
48,499,48,499,40678,40678,0
48,501,48,501,8738,8738,0
48,503,48,503,18829,18829,0
48,505,48,505,13104,13104,0
48,507,48,507,11542,11542,0
49,1,49,1,6926,6926,0
49,3,49,3,55854,55854,0
49,5,49,5,110875,110875,0
49,7,49,7,22195,22195,0
49,9,49,9,858,858,0
49,11,49,11,325536,325536,0
49,13,49,13,18103,18103,0
49,15,49,15,11711,11711,0
49,17,49,17,4992,4992,0
49,19,49,19,9607,9607,0
49,21,49,21,41676,41676,0
49,23,49,23,10202,10202,0
49,25,49,25,6565,6565,0
49,27,49,27,13396,13396,0
49,29,49,29,10084,10084,0
49,31,49,31,1395,1395,0
49,33,49,33,2203,2203,0
49,35,49,35,1128970,1128970,0
49,37,49,37,9655,9655,0
49,39,49,39,24372,24372,0
49,41,49,41,22011,22011,0
49,43,49,43,38457,38457,0
49,45,49,45,60440,60440,0
49,47,49,47,30222,30222,0
49,49,49,49,486808,486808,0
49,51,49,51,22332,22332,0
49,53,49,53,132655,132655,0
49,55,49,55,2720,2720,0
49,57,49,57,248432,248432,0
50,1,50,1,44173,44173,0
50,3,50,3,44243,44243,0
50,5,50,5,36831,36831,0
50,7,50,7,180382,180382,0
50,9,50,9,7329,7329,0
50,11,50,11,58625,58625,0
50,13,50,13,8881,8881,0
50,15,50,15,29286,29286,0
50,17,50,17,34838,34838,0
50,19,50,19,33340,33340,0
50,21,50,21,77127,77127,0
50,23,50,23,72553,72553,0
50,25,50,25,53175,53175,0
50,27,50,27,70244,70244,0
51,1,51,1,37572,37572,0
51,3,51,3,96701,96701,0
51,5,51,5,19447,19447,0
51,7,51,7,15026,15026,0
51,9,51,9,35699,35699,0
51,11,51,11,16887,16887,0
51,13,51,13,206993,206993,0
51,15,51,15,84746,84746,0
51,17,51,17,5875,5875,0
51,19,51,19,77374,77374,0
51,21,51,21,7096,7096,0
51,23,51,23,39094,39094,0
51,25,51,25,17493,17493,0
51,27,51,27,23801,23801,0
51,29,51,29,14623,14623,0
51,31,51,31,61442,61442,0
51,33,51,33,31898,31898,0
51,35,51,35,32188,32188,0
51,36,51,36,8350,8350,0
51,37,51,37,13807,13807,0
51,41,51,41,358253,358253,0
51,43,51,43,15216,15216,0
51,45,51,45,5643,5643,0
51,47,51,47,49704,49704,0
51,49,51,49,10333,10333,0
51,51,51,51,15870,15870,0
51,53,51,53,30275,30275,0
51,57,51,57,12320,12320,0
51,59,51,59,1165418,1165418,0
51,61,51,61,72006,72006,0
51,63,51,63,16778,16778,0
51,65,51,65,27353,27353,0
51,67,51,67,60454,60454,0
51,69,51,69,86783,86783,0
51,71,51,71,19797,19797,0
51,73,51,73,42974,42974,0
51,75,51,75,22410,22410,0
51,77,51,77,17599,17599,0
51,79,51,79,20472,20472,0
51,81,51,81,9435,9435,0
51,83,51,83,39716,39716,0
51,85,51,85,115304,115304,0
51,87,51,87,338776,338776,0
51,89,51,89,63736,63736,0
51,91,51,91,2819,2819,0
51,93,51,93,40504,40504,0
51,95,51,95,71331,71331,0
51,97,51,97,7198,7198,0
51,99,51,99,25207,25207,0
51,101,51,101,18854,18854,0
51,103,51,103,13758,13758,0
51,105,51,105,22288,22288,0
51,107,51,107,327081,327081,0
51,109,51,109,34988,34988,0
51,111,51,111,11999,11999,0
51,113,51,113,14771,14771,0
51,115,51,115,10140,10140,0
51,117,51,117,34460,34460,0
51,119,51,119,11802,11802,0
51,121,51,121,75508,75508,0
51,125,51,125,16989,16989,0
51,127,51,127,20059,20059,0
51,131,51,131,14026,14026,0
51,133,51,133,13943,13943,0
51,135,51,135,15745,15745,0
51,137,51,137,37244,37244,0
51,139,51,139,27875,27875,0
51,141,51,141,20182,20182,0
51,143,51,143,71960,71960,0
51,145,51,145,29652,29652,0
51,147,51,147,17520,17520,0
51,149,51,149,33419,33419,0
51,153,51,153,420514,420514,0
51,155,51,155,37752,37752,0
51,157,51,157,8400,8400,0
51,159,51,159,8537,8537,0
51,161,51,161,106854,106854,0
51,163,51,163,24473,24473,0
51,165,51,165,88813,88813,0
51,167,51,167,27826,27826,0
51,169,51,169,24157,24157,0
51,171,51,171,48294,48294,0
51,173,51,173,37317,37317,0
51,175,51,175,19065,19065,0
51,177,51,177,135149,135149,0
51,179,51,179,133561,133561,0
51,181,51,181,7689,7689,0
51,183,51,183,11342,11342,0
51,185,51,185,45503,45503,0
51,187,51,187,41948,41948,0
51,191,51,191,57788,57788,0
51,193,51,193,19148,19148,0
51,195,51,195,40068,40068,0
51,197,51,197,32642,32642,0
51,199,51,199,72643,72643,0
51,510,51,510,137636,137636,0
51,515,51,515,6779,6779,0
51,520,51,520,17017,17017,0
51,530,51,530,6991,6991,0
51,540,51,540,35634,35634,0
51,550,51,550,240781,240781,0
51,570,51,570,20035,20035,0
51,580,51,580,7555,7555,0
51,590,51,590,46501,46501,0
51,595,51,595,6287,6287,0
51,600,51,600,25318,25318,0
51,610,51,610,11495,11495,0
51,620,51,620,9510,9510,0
51,630,51,630,18850,18850,0
51,640,51,640,7988,7988,0
51,650,51,650,144147,144147,0
51,660,51,660,33148,33148,0
51,670,51,670,24252,24252,0
51,678,51,678,5408,5408,0
51,680,51,680,66810,66810,0
51,683,51,683,38594,38594,0
51,685,51,685,13088,13088,0
51,690,51,690,15432,15432,0
51,700,51,700,188369,188369,0
51,710,51,710,218467,218467,0
51,720,51,720,4183,4183,0
51,730,51,730,33679,33679,0
51,735,51,735,14274,14274,0
51,740,51,740,102797,102797,0
51,750,51,750,10631,10631,0
51,760,51,760,180690,180690,0
51,770,51,770,101569,101569,0
51,775,51,775,27407,27407,0
51,790,51,790,25865,25865,0
51,800,51,800,88885,88885,0
51,810,51,810,482640,482640,0
51,820,51,820,23883,23883,0
51,830,51,830,8813,8813,0
51,840,51,840,26401,26401,0
53,1,53,1,19696,19696,0
53,3,53,3,22275,22275,0
53,5,53,5,178347,178347,0
53,7,53,7,78593,78593,0
53,9,53,9,77791,77791,0
53,11,53,11,460118,460118,0
53,13,53,13,4047,4047,0
53,15,53,15,110326,110326,0
53,17,53,17,37404,37404,0
53,19,53,19,6409,6409,0
53,21,53,21,74393,74393,0
53,23,53,23,2223,2223,0
53,25,53,25,90021,90021,0
53,27,53,27,73035,73035,0
53,29,53,29,85186,85186,0
53,31,53,31,32064,32064,0
53,33,53,33,2095597,2095597,0
53,35,53,35,270070,270070,0
53,37,53,37,35602,35602,0
53,39,53,39,20979,20979,0
53,41,53,41,79530,79530,0
53,43,53,43,11458,11458,0
53,45,53,45,61404,61404,0
53,47,53,47,42347,42347,0
53,49,53,49,21901,21901,0
53,51,53,51,13133,13133,0
53,53,53,53,854473,854473,0
53,55,53,55,16222,16222,0
53,57,53,57,127441,127441,0
53,59,53,59,10730,10730,0
53,61,53,61,776203,776203,0
53,63,53,63,506127,506127,0
53,65,53,65,45402,45402,0
53,67,53,67,269549,269549,0
53,69,53,69,4203,4203,0
53,71,53,71,58765,58765,0
53,73,53,73,207450,207450,0
53,75,53,75,34064,34064,0
53,77,53,77,258329,258329,0
54,1,54,1,16752,16752,0
54,3,54,3,113948,113948,0
54,5,54,5,25556,25556,0
54,7,54,7,13679,13679,0
54,9,54,9,27739,27739,0
54,11,54,11,97558,97558,0
54,13,54,13,7245,7245,0
54,15,54,15,9570,9570,0
54,17,54,17,5247,5247,0
54,19,54,19,45922,45922,0
54,21,54,21,6662,6662,0
54,23,54,23,14071,14071,0
54,25,54,25,37642,37642,0
54,27,54,27,25597,25597,0
54,29,54,29,37840,37840,0
54,31,54,31,15685,15685,0
54,33,54,33,79255,79255,0
54,35,54,35,32253,32253,0
54,37,54,37,57906,57906,0
54,39,54,39,218899,218899,0
54,41,54,41,19556,19556,0
54,43,54,43,21836,21836,0
54,45,54,45,37041,37041,0
54,47,54,47,18231,18231,0
54,49,54,49,62783,62783,0
54,51,54,51,37265,37265,0
54,53,54,53,27435,27435,0
54,55,54,55,64306,64306,0
54,57,54,57,32223,32223,0
54,59,54,59,25684,25684,0
54,61,54,61,82186,82186,0
54,63,54,63,13747,13747,0
54,65,54,65,19004,19004,0
54,67,54,67,28150,28150,0
54,69,54,69,51904,51904,0
54,71,54,71,9016,9016,0
54,73,54,73,8419,8419,0
54,75,54,75,9508,9508,0
54,77,54,77,34928,34928,0
54,79,54,79,62515,62515,0
54,81,54,81,81141,81141,0
54,83,54,83,31642,31642,0
54,85,54,85,12230,12230,0
54,87,54,87,15732,15732,0
54,89,54,89,11797,11797,0
54,91,54,91,17520,17520,0
54,93,54,93,8119,8119,0
54,95,54,95,9789,9789,0
54,97,54,97,24904,24904,0
54,99,54,99,42224,42224,0
54,101,54,101,9161,9161,0
54,103,54,103,18654,18654,0
54,105,54,105,5698,5698,0
54,107,54,107,99199,99199,0
54,109,54,109,22782,22782,0
55,1,55,1,22240,22240,0
55,3,55,3,19139,19139,0
55,5,55,5,57627,57627,0
55,7,55,7,18508,18508,0
55,9,55,9,305341,305341,0
55,11,55,11,17456,17456,0
55,13,55,13,19432,19432,0
55,15,55,15,59906,59906,0
55,17,55,17,74532,74532,0
55,19,55,19,41453,41453,0
55,21,55,21,71209,71209,0
55,23,55,23,19893,19893,0
55,25,55,25,578264,578264,0
55,27,55,27,107190,107190,0
55,29,55,29,36217,36217,0
55,31,55,31,50738,50738,0
55,33,55,33,45486,45486,0
55,35,55,35,109802,109802,0
55,37,55,37,5712,5712,0
55,39,55,39,127051,127051,0
55,41,55,41,11069,11069,0
55,43,55,43,58682,58682,0
55,45,55,45,46539,46539,0
55,47,55,47,24064,24064,0
55,49,55,49,29339,29339,0
55,51,55,51,7556,7556,0
55,53,55,53,23317,23317,0
55,55,55,55,98588,98588,0
55,57,55,57,30263,30263,0
55,59,55,59,192820,192820,0
55,61,55,61,26161,26161,0
55,63,55,63,128543,128543,0
55,65,55,65,20953,20953,0
55,67,55,67,25262,25262,0
55,69,55,69,37391,37391,0
55,71,55,71,106165,106165,0
55,73,55,73,168105,168105,0
55,75,55,75,51981,51981,0
55,77,55,77,19079,19079,0
55,78,55,78,4651,4651,0
55,79,55,79,1072350,1072350,0
55,81,55,81,52838,52838,0
55,83,55,83,47437,47437,0
55,85,55,85,47618,47618,0
55,87,55,87,219361,219361,0
55,89,55,89,106941,106941,0
55,91,55,91,9391,9391,0
55,93,55,93,45788,45788,0
55,95,55,95,54563,54563,0
55,97,55,97,80690,80690,0
55,99,55,99,18531,18531,0
55,101,55,101,238780,238780,0
55,103,55,103,20984,20984,0
55,105,55,105,197958,197958,0
55,107,55,107,17717,17717,0
55,109,55,109,100026,100026,0
55,111,55,111,77344,77344,0
55,113,55,113,20719,20719,0
55,115,55,115,50275,50275,0
55,117,55,117,149136,149136,0
55,119,55,119,24264,24264,0
55,121,55,121,37405,37405,0
55,123,55,123,34339,34339,0
55,125,55,125,26687,26687,0
55,127,55,127,117692,117692,0
55,129,55,129,19913,19913,0
55,131,55,131,166642,166642,0
55,133,55,133,488259,488259,0
55,135,55,135,63893,63893,0
55,137,55,137,28439,28439,0
55,139,55,139,194589,194589,0
55,141,55,141,94178,94178,0
56,1,56,1,30294,30294,0
56,3,56,3,12082,12082,0
56,5,56,5,47397,47397,0
56,7,56,7,17003,17003,0
56,9,56,9,15160,15160,0
56,11,56,11,7506,7506,0
56,13,56,13,42802,42802,0
56,15,56,15,13094,13094,0
56,17,56,17,5133,5133,0
56,19,56,19,8731,8731,0
56,21,56,21,101943,101943,0
56,23,56,23,18889,18889,0
56,25,56,25,82688,82688,0
56,27,56,27,2642,2642,0
56,29,56,29,32211,32211,0
56,31,56,31,9802,9802,0
56,33,56,33,32229,32229,0
56,35,56,35,8631,8631,0
56,37,56,37,48476,48476,0
56,39,56,39,23152,23152,0
56,41,56,41,23667,23667,0
56,43,56,43,9522,9522,0
56,45,56,45,7947,7947,0
